Actual,Predicted,Residual
355.98,248.49080000000012,107.4891999999999
0.0,0.0,0.0
0.0,-0.06675,0.06675
1570.06,817.6423500000005,752.4176499999994
0.0,80.24319999999997,-80.24319999999997
0.0,0.0,0.0
0.0,154.6422000000001,-154.6422000000001
0.0,0.0,0.0
-10.95,103.21629999999998,-114.16629999999998
0.0,0.0,0.0
636.25,50.23969999999999,586.0103
117.98,116.11109999999995,1.8689000000000533
0.0,30.88955,-30.88955
0.0,46.5656,-46.5656
0.0,-0.014750000000000001,0.014750000000000001
0.0,650.7637000000002,-650.7637000000002
0.0,26.325899999999997,-26.325899999999997
177.9,197.95214999999982,-20.052149999999813
326.72,278.29974999999985,48.42025000000018
0.0,0.0,0.0
0.0,0.0,0.0
0.0,0.0,0.0
292.78,294.62609999999995,-1.8460999999999785
0.0,0.0,0.0
1725.48,1570.5528500000007,154.9271499999993
0.0,0.0,0.0
0.0,0.0,0.0
311.61,315.3903500000004,-3.7803500000003964
994.2,157.50154999999998,836.6984500000001
1547.2,2932.111250000003,-1384.911250000003
0.0,0.0,0.0
0.0,63.24525,-63.24525
0.0,20.14655,-20.14655
0.0,57.105099999999986,-57.105099999999986
0.0,484.64694999999995,-484.64694999999995
0.0,121.54859999999996,-121.54859999999996
0.0,83.2297,-83.2297
0.0,152.64375000000004,-152.64375000000004
0.0,116.58890000000002,-116.58890000000002
940.73,997.1722000000002,-56.442200000000184
0.0,118.63185,-118.63185
0.0,102.34540000000001,-102.34540000000001
0.0,27.38035,-27.38035
0.0,0.0,0.0
456.1,95.16715000000002,360.93285000000003
0.0,82.69104999999999,-82.69104999999999
0.0,0.0,0.0
0.0,0.0,0.0
605.5,475.02974999999975,130.47025000000025
0.0,7225.899550000006,-7225.899550000006
354.95,982.5146499999996,-627.5646499999996
984.68,1021.6553000000006,-36.97530000000063
643.6899999999999,383.6548999999995,260.03510000000045
0.0,0.0,0.0
0.0,0.0,0.0
0.0,0.0,0.0
0.0,514.72525,-514.72525
304.7,643.5905499999999,-338.8905499999999
0.0,53.8222,-53.8222
0.0,258.5605000000001,-258.5605000000001
75.0,60.10285000000001,14.89714999999999
0.0,130.25385000000003,-130.25385000000003
0.0,16.7549,-16.7549
0.0,0.0,0.0
0.0,0.0,0.0
0.0,92.52959999999999,-92.52959999999999
0.0,0.0,0.0
739.0,1226.1627500000004,-487.1627500000004
0.0,0.0,0.0
0.0,123.78640000000001,-123.78640000000001
0.0,43.27309999999999,-43.27309999999999
0.0,10.637700000000002,-10.637700000000002
0.0,0.0,0.0
117.85,290.06909999999976,-172.21909999999977
0.0,0.0,0.0
0.0,0.0,0.0
0.0,0.0,0.0
0.0,29.87255,-29.87255
0.0,0.0,0.0
0.0,124.84284999999996,-124.84284999999996
0.0,378.2824,-378.2824
0.0,0.0,0.0
574.92,816.2888500000014,-241.36885000000143
1449.27,1041.5283500000005,407.7416499999995
0.0,17.098150000000004,-17.098150000000004
0.0,0.0,0.0
0.0,114.68715000000002,-114.68715000000002
0.0,191.78915000000003,-191.78915000000003
0.0,0.0,0.0
1342.71,268.0988000000002,1074.6111999999998
0.0,0.0,0.0
0.0,-0.029500000000000002,0.029500000000000002
0.0,68.3129,-68.3129
0.0,-0.20024999999999998,0.20024999999999998
0.0,69.1131,-69.1131
316.76,426.98810000000026,-110.22810000000027
-8.85,78.22989999999999,-87.07989999999998
0.0,0.0,0.0
705.2,448.30579999999986,256.8942000000002
353.4,54.89035,298.50964999999997
0.0,3214.935350000001,-3214.935350000001
40.95,571.5480500000004,-530.5980500000004
110.71,436.40354999999994,-325.69354999999996
0.0,-0.20024999999999998,0.20024999999999998
1239.38,1012.2583000000004,227.1216999999997
0.0,0.0,0.0
0.0,388.68765,-388.68765
0.0,0.0,0.0
0.0,314.9076500000001,-314.9076500000001
0.0,-0.029500000000000002,0.029500000000000002
246.16,9.97885,236.18115
718.4300000000001,484.6586500000002,233.77134999999987
0.0,41.0992,-41.0992
179.24,34.162650000000006,145.07735
0.0,126.90680000000003,-126.90680000000003
0.0,-0.029500000000000002,0.029500000000000002
0.0,0.0,0.0
0.0,0.0,0.0
143.93,299.8872000000001,-155.9572000000001
0.0,262.95259999999996,-262.95259999999996
0.0,308.64735000000036,-308.64735000000036
0.0,-0.044250000000000005,0.044250000000000005
0.0,0.0,0.0
0.0,0.0,0.0
0.0,0.0,0.0
136.0,194.98695000000015,-58.98695000000015
214.45,314.39110000000005,-99.94110000000006
0.0,74.01384999999996,-74.01384999999996
201.13,44.238000000000014,156.892
0.0,99.81320000000004,-99.81320000000004
0.0,40.518150000000006,-40.518150000000006
0.0,548.2541999999993,-548.2541999999993
0.0,169.82879999999994,-169.82879999999994
51.8,64.8727,-13.072699999999998
218.53,79.02265,139.50735
0.0,51.3401,-51.3401
522.92,920.4036500000008,-397.4836500000008
0.0,0.0,0.0
1383.68,498.3538499999995,885.3261500000006
0.0,0.0,0.0
0.0,0.0,0.0
221.36,162.69694999999993,58.663050000000084
0.0,0.0,0.0
0.0,0.0,0.0
159.23,154.33745000000002,4.8925499999999715
318.94,1043.6023500000003,-724.6623500000003
318.12,1045.105100000002,-726.985100000002
0.0,11.754199999999999,-11.754199999999999
0.0,174.00175000000002,-174.00175000000002
683.33,79.43165,603.89835
0.0,57.59465000000002,-57.59465000000002
0.0,134.89735000000002,-134.89735000000002
0.0,12.3706,-12.3706
0.0,201.32019999999994,-201.32019999999994
353.98,411.1223999999999,-57.142399999999895
0.0,178.57495000000006,-178.57495000000006
1696.54,1282.4395499999991,414.1004500000008
0.0,0.0,0.0
329.04,32.37525000000001,296.66475
151.83,161.05049999999986,-9.220499999999845
0.0,174.00825000000012,-174.00825000000012
0.0,0.0,0.0
0.0,0.0,0.0
0.0,193.7375999999999,-193.7375999999999
1620.02,792.0053999999997,828.0146000000003
0.0,23.9,-23.9
0.0,10.367849999999999,-10.367849999999999
0.0,267.33794999999986,-267.33794999999986
0.0,0.0,0.0
0.0,37.853349999999985,-37.853349999999985
1745.32,1664.3340999999991,80.98590000000081
0.0,784.3521500000002,-784.3521500000002
0.0,73.6293,-73.6293
0.0,41.72860000000001,-41.72860000000001
109.6,516.5336500000002,-406.93365000000017
0.0,75.86640000000001,-75.86640000000001
329.68,239.61745000000002,90.06254999999999
0.0,289.09380000000033,-289.09380000000033
0.0,0.0,0.0
441.26,1228.7412000000013,-787.4812000000013
0.0,384.8687000000001,-384.8687000000001
0.0,224.88395,-224.88395
0.0,210.93900000000002,-210.93900000000002
0.0,58.25999999999999,-58.25999999999999
0.0,94.07105,-94.07105
0.0,115.32624999999999,-115.32624999999999
0.0,69.52669999999999,-69.52669999999999
0.0,0.0,0.0
126.0,74.77404999999999,51.22595000000001
299.21,109.10019999999997,190.1098
0.0,14.102699999999995,-14.102699999999995
113.29,314.9304999999999,-201.64049999999986
0.0,92.63064999999999,-92.63064999999999
0.0,0.0,0.0
557.42,137.12914999999995,420.29085
0.0,77.9091,-77.9091
0.0,165.8992,-165.8992
0.0,-3.805,3.805
0.0,86.8266,-86.8266
0.0,92.20985,-92.20985
0.0,0.0,0.0
0.0,126.75999999999995,-126.75999999999995
0.0,325.41965000000016,-325.41965000000016
0.0,2.5031,-2.5031
964.33,553.8502499999993,410.47975000000076
0.0,58.876850000000005,-58.876850000000005
0.0,26.0469,-26.0469
0.0,17.6513,-17.6513
0.0,41.83104999999998,-41.83104999999998
179.0,123.41984999999976,55.580150000000245
0.0,0.0,0.0
0.0,0.0,0.0
0.0,313.48070000000007,-313.48070000000007
0.0,77.11900000000001,-77.11900000000001
0.0,0.0,0.0
302.87,10.59355,292.27645
0.0,56.10260000000001,-56.10260000000001
695.5,555.5325500000004,139.96744999999964
0.0,135.36895,-135.36895
0.0,0.0,0.0
632.59,323.13980000000015,309.4501999999999
0.0,240.8401500000001,-240.8401500000001
0.0,20.92664999999999,-20.92664999999999
422.85,420.22595000000035,2.62404999999967
0.0,192.51499999999996,-192.51499999999996
0.0,0.0,0.0
0.0,157.13844999999995,-157.13844999999995
0.0,1415.9091500000004,-1415.9091500000004
0.0,7.318200000000001,-7.318200000000001
228.8,156.6307500000002,72.1692499999998
521.02,432.0534999999998,88.96650000000017
0.0,0.0,0.0
0.0,0.0,0.0
0.0,13.410749999999998,-13.410749999999998
0.0,46.9631,-46.9631
1129.84,96.32135000000004,1033.51865
261.71,315.04884999999996,-53.33884999999998
0.0,0.0,0.0
164.96,141.48490000000004,23.47509999999997
0.0,0.0,0.0
111.05,200.13120000000046,-89.08120000000046
284.86,56.47825000000003,228.38174999999998
0.0,0.0,0.0
4244.97,3876.7204499999993,368.2495500000009
0.0,0.0,0.0
369.17,197.10545000000002,172.06455
0.0,281.2009,-281.2009
1138.81,519.7007500000004,619.1092499999995
0.0,0.0,0.0
0.0,88.52069999999999,-88.52069999999999
877.4499999999999,2638.4368000000018,-1760.986800000002
0.0,0.0,0.0
0.0,0.0,0.0
0.0,-0.20355,0.20355
0.0,0.0,0.0
242.37,254.45334999999994,-12.083349999999939
0.0,266.4245999999996,-266.4245999999996
0.0,90.07330000000002,-90.07330000000002
290.76,158.70089999999996,132.05910000000003
175.31,168.74265000000022,6.567349999999777
0.0,0.0,0.0
584.07,130.09780000000006,453.9722
0.0,198.82164999999998,-198.82164999999998
0.0,0.0,0.0
504.43,154.43285000000006,349.9971499999999
0.0,35.339499999999994,-35.339499999999994
0.0,0.0,0.0
0.0,0.0,0.0
0.0,31.427149999999997,-31.427149999999997
332.4,342.29274999999996,-9.892749999999978
0.0,0.0,0.0
452.76,412.51419999999985,40.245800000000145
617.35,1182.0436499999994,-564.6936499999994
184.4,108.77404999999999,75.62595000000002
0.0,60.3126,-60.3126
0.0,164.15420000000006,-164.15420000000006
0.0,-0.06675,0.06675
0.0,0.0,0.0
0.0,65.4807,-65.4807
0.0,0.0,0.0
0.0,0.0,0.0
473.96,61.42154999999998,412.53845
343.7,259.78674999999987,83.91325000000012
0.0,0.0,0.0
0.0,0.0,0.0
0.0,0.0,0.0
0.0,282.60614999999996,-282.60614999999996
1040.39,535.6555999999999,504.73440000000016
0.0,64.79185,-64.79185
224.21,130.64725,93.56275
0.0,71.46355,-71.46355
0.0,0.0,0.0
0.0,19.922449999999998,-19.922449999999998
0.0,0.0,0.0
0.0,190.83505000000005,-190.83505000000005
0.0,0.0,0.0
0.0,60.87129999999999,-60.87129999999999
0.0,117.19085000000003,-117.19085000000003
0.0,0.0,0.0
574.98,239.78505,335.19495
3060.7799999999997,1668.2095999999976,1392.570400000002
0.0,-0.06675,0.06675
0.0,-0.014750000000000001,0.014750000000000001
0.0,52.418949999999995,-52.418949999999995
0.0,0.0,0.0
0.0,78.40300000000002,-78.40300000000002
0.0,0.0,0.0
372.68,278.98595,93.69405
176.87,64.83635,112.03365000000001
0.0,0.0,0.0
0.0,9.0859,-9.0859
0.0,111.18355000000005,-111.18355000000005
0.0,47.56009999999999,-47.56009999999999
-1.65,143.71615000000006,-145.36615000000006
0.0,3.3017500000000006,-3.3017500000000006
252.72,25.129750000000005,227.59025
121.66,166.14664999999997,-44.48664999999997
0.0,86.7122,-86.7122
0.0,0.0,0.0
0.0,50.28954999999999,-50.28954999999999
0.0,0.0,0.0
0.0,97.91090000000004,-97.91090000000004
0.0,0.0,0.0
0.0,780.8810999999998,-780.8810999999998
0.0,144.46210000000008,-144.46210000000008
335.2,134.64500000000004,200.55499999999995
0.0,290.2539500000001,-290.2539500000001
0.0,0.0,0.0
0.0,60.595199999999984,-60.595199999999984
0.0,0.0,0.0
0.0,0.0,0.0
0.0,59.18615000000002,-59.18615000000002
0.0,40.388149999999996,-40.388149999999996
513.01,55.27365000000003,457.73634999999996
0.0,624.5095499999998,-624.5095499999998
0.0,315.74040000000014,-315.74040000000014
0.0,183.00345000000004,-183.00345000000004
0.0,0.0,0.0
0.0,33.330799999999996,-33.330799999999996
1075.36,756.3721000000008,318.98789999999906
0.0,0.0,0.0
0.0,217.09564999999972,-217.09564999999972
350.24,219.65655000000004,130.58344999999997
0.0,0.0,0.0
0.0,127.53274999999996,-127.53274999999996
0.0,142.90190000000007,-142.90190000000007
0.0,58.74974999999997,-58.74974999999997
0.0,84.63765,-84.63765
270.0,547.1640499999999,-277.16404999999986
0.0,287.2063,-287.2063
108.75,8.91235,99.83765
0.0,0.0,0.0
108.86,73.81965000000002,35.040349999999975
90.02,279.9821999999997,-189.9621999999997
0.0,0.0,0.0
585.75,480.9886500000001,104.76134999999988
0.0,255.19440000000003,-255.19440000000003
0.0,14.811750000000002,-14.811750000000002
0.0,29.19425,-29.19425
0.0,0.0,0.0
351.15,168.92330000000004,182.22669999999994
0.0,0.0,0.0
0.0,194.77869999999993,-194.77869999999993
0.0,1109.3895000000014,-1109.3895000000014
0.0,0.0,0.0
0.0,-0.014750000000000001,0.014750000000000001
0.0,0.0,0.0
0.0,0.0,0.0
0.0,20.278200000000005,-20.278200000000005
0.0,38.493100000000005,-38.493100000000005
458.46,234.5159,223.9441
85.1,48.37105,36.72895
0.0,43.096550000000015,-43.096550000000015
133.68,814.7813000000003,-681.1013000000003
0.0,1182.8915499999998,-1182.8915499999998
0.0,63.530950000000004,-63.530950000000004
0.0,0.0,0.0
0.0,0.0,0.0
0.0,0.0,0.0
0.0,2.3304,-2.3304
0.0,18.743349999999992,-18.743349999999992
0.0,0.0,0.0
0.0,349.9747499999999,-349.9747499999999
0.0,0.0,0.0
599.55,348.04015,251.50984999999997
0.0,0.0,0.0
0.0,4.0999,-4.0999
0.0,0.0,0.0
0.0,26.23449999999999,-26.23449999999999
0.0,0.0,0.0
0.0,0.0,0.0
0.0,515.2793499999999,-515.2793499999999
0.0,25.7471,-25.7471
0.0,0.0,0.0
0.0,0.0,0.0
0.0,118.07435000000004,-118.07435000000004
536.21,151.389,384.821
0.0,52.416499999999985,-52.416499999999985
0.0,0.0,0.0
0.0,0.0,0.0
0.0,7.190999999999999,-7.190999999999999
0.0,5.0215000000000005,-5.0215000000000005
437.90999999999997,145.45154999999997,292.45844999999997
0.0,0.0,0.0
0.0,289.97765,-289.97765
0.0,258.8515,-258.8515
177.2,126.68565000000001,50.51434999999998
0.0,22.49795,-22.49795
0.0,227.02335000000002,-227.02335000000002
0.0,81.90724999999999,-81.90724999999999
617.04,511.5775499999995,105.46245000000044
0.0,46.521100000000004,-46.521100000000004
0.0,0.0,0.0
0.0,45.42719999999999,-45.42719999999999
621.08,383.1085000000002,237.97149999999982
0.0,68.5969,-68.5969
0.0,14.7819,-14.7819
0.0,0.0,0.0
272.63,59.75000000000001,212.88
0.0,97.09400000000001,-97.09400000000001
0.0,-0.029500000000000002,0.029500000000000002
0.0,0.0,0.0
0.0,231.51680000000016,-231.51680000000016
0.0,19.067849999999993,-19.067849999999993
0.0,5.286250000000001,-5.286250000000001
569.9200000000001,1005.4242500000005,-435.5042500000004
0.0,0.0,0.0
0.0,77.51474999999999,-77.51474999999999
0.0,0.0,0.0
1296.37,60.1879,1236.1821
0.0,85.69585000000002,-85.69585000000002
129.78,233.12860000000015,-103.34860000000015
0.0,10.766450000000003,-10.766450000000003
0.0,0.0,0.0
0.0,79.82230000000001,-79.82230000000001
0.0,107.97340000000003,-107.97340000000003
0.0,61.57255,-61.57255
440.63,102.49584999999999,338.13415
0.0,0.0,0.0
0.0,0.0,0.0
0.0,29.08849999999999,-29.08849999999999
251.37,727.2806500000002,-475.91065000000015
0.0,85.61954999999998,-85.61954999999998
0.0,99.00135000000002,-99.00135000000002
0.0,0.0,0.0
275.76,448.83784999999995,-173.07784999999996
0.0,69.46890000000002,-69.46890000000002
0.0,0.0,0.0
0.0,0.0,0.0
0.0,34.72835,-34.72835
0.0,21.497400000000003,-21.497400000000003
0.0,0.0,0.0
0.0,304.71115000000015,-304.71115000000015
300.21999999999997,444.94475000000034,-144.72475000000037
0.0,338.84855000000005,-338.84855000000005
119.0,25.1784,93.8216
387.48,194.75585000000007,192.72414999999995
0.0,0.0,0.0
0.0,216.2661500000001,-216.2661500000001
518.66,844.2064999999998,-325.5464999999998
0.0,0.0,0.0
0.0,169.23765,-169.23765
0.0,0.0,0.0
0.0,243.10480000000004,-243.10480000000004
0.0,72.77184999999999,-72.77184999999999
0.0,126.34179999999996,-126.34179999999996
0.0,0.0,0.0
0.0,129.35289999999983,-129.35289999999983
378.9,198.34765000000007,180.5523499999999
0.0,0.0,0.0
665.33,330.4785999999999,334.8514000000001
0.0,55.34915000000001,-55.34915000000001
0.0,0.0,0.0
439.66,220.09379999999993,219.5662000000001
0.0,0.0,0.0
0.0,123.96335000000005,-123.96335000000005
129.18,344.93659999999994,-215.75659999999993
0.0,-0.014750000000000001,0.014750000000000001
0.0,1035.6314999999984,-1035.6314999999984
0.0,0.0,0.0
0.0,264.01290000000006,-264.01290000000006
0.0,39.43915000000001,-39.43915000000001
0.0,16.1664,-16.1664
0.0,290.61705,-290.61705
343.14,895.7453000000002,-552.6053000000002
0.0,1.66105,-1.66105
0.0,0.0,0.0
314.69,341.0575499999998,-26.367549999999824
0.0,17.309699999999992,-17.309699999999992
0.0,0.0,0.0
0.0,255.20229999999995,-255.20229999999995
0.0,6.896699999999999,-6.896699999999999
0.0,322.5550999999999,-322.5550999999999
0.0,60.254149999999974,-60.254149999999974
0.0,0.0,0.0
0.0,105.4149,-105.4149
0.0,-0.133,0.133
0.0,84.67375000000001,-84.67375000000001
255.34,406.34504999999996,-151.00504999999995
42.36,23.25839999999999,19.10160000000001
682.9,456.50744999999944,226.39255000000054
0.0,145.11185,-145.11185
0.0,298.0536999999999,-298.0536999999999
0.0,122.84430000000003,-122.84430000000003
0.0,0.0,0.0
0.0,0.0,0.0
0.0,0.0,0.0
0.0,571.0425499999998,-571.0425499999998
0.0,181.05205000000007,-181.05205000000007
0.0,32.21495,-32.21495
0.0,49.89104999999999,-49.89104999999999
0.0,-0.0665,0.0665
0.0,0.0,0.0
164.57,183.01310000000015,-18.443100000000157
0.0,1113.2179999999996,-1113.2179999999996
102.99000000000001,98.39985000000004,4.590149999999966
0.0,48.1991,-48.1991
0.0,0.0,0.0
0.0,0.0,0.0
0.0,0.0,0.0
153.92,38.920399999999994,114.99959999999999
400.58,428.4165000000003,-27.836500000000342
385.29999999999995,182.10065000000003,203.19934999999992
0.0,6.72295,-6.72295
0.0,112.99735000000005,-112.99735000000005
338.71000000000004,172.16775,166.54225000000002
0.0,177.96700000000013,-177.96700000000013
0.0,0.0,0.0
0.0,0.0,0.0
0.0,141.33925000000008,-141.33925000000008
0.0,39.9918,-39.9918
0.0,-0.10325,0.10325
0.0,0.0,0.0
0.0,0.0,0.0
0.0,4.965950000000001,-4.965950000000001
1366.92,376.2303999999999,990.6896000000002
1146.07,307.60479999999995,838.4652
404.37,186.17210000000003,218.19789999999998
0.0,79.56119999999996,-79.56119999999996
0.0,0.0,0.0
0.0,-0.20024999999999998,0.20024999999999998
0.0,0.0,0.0
-19.36,404.74599999999987,-424.1059999999999
0.0,142.58835,-142.58835
826.13,128.09855000000007,698.03145
0.0,91.98019999999998,-91.98019999999998
0.0,0.0,0.0
413.32,791.5565499999994,-378.23654999999945
0.0,57.95105,-57.95105
0.0,17.81435,-17.81435
0.0,22.73575,-22.73575
0.0,108.3979,-108.3979
89.94,183.42930000000013,-93.48930000000013
0.0,0.0,0.0
0.0,0.0,0.0
0.0,10.695049999999998,-10.695049999999998
0.0,144.74059999999997,-144.74059999999997
166.97,84.04874999999997,82.92125000000003
1274.27,565.718550000001,708.551449999999
753.02,243.31985000000003,509.70014999999995
0.0,56.54985000000001,-56.54985000000001
0.0,53.29655,-53.29655
0.0,0.0,0.0
0.0,0.0,0.0
0.0,0.0,0.0
0.0,0.0,0.0
-436.2,-1.602,-434.598
0.0,0.0,0.0
165.12,37.695300000000024,127.42469999999997
0.0,57.67705,-57.67705
311.0,314.52590000000026,-3.525900000000263
0.0,81.72920000000003,-81.72920000000003
0.0,461.3974000000002,-461.3974000000002
0.0,126.82670000000002,-126.82670000000002
0.0,0.0,0.0
0.0,73.10124999999998,-73.10124999999998
0.0,275.4857999999998,-275.4857999999998
0.0,0.0,0.0
0.0,30.310849999999995,-30.310849999999995
0.0,275.51219999999995,-275.51219999999995
0.0,152.85235000000003,-152.85235000000003
0.0,218.36539999999985,-218.36539999999985
2303.43,495.2964499999996,1808.1335500000002
0.0,16.567849999999996,-16.567849999999996
0.0,15.595700000000004,-15.595700000000004
-8.7,30.04200000000001,-38.742000000000004
0.0,0.0,0.0
0.0,84.98915000000002,-84.98915000000002
426.09000000000003,57.59259999999998,368.4974
0.0,0.0,0.0
0.0,2.1436,-2.1436
0.0,0.0,0.0
0.0,16.825300000000002,-16.825300000000002
0.0,50.5903,-50.5903
197.85,243.22570000000022,-45.37570000000022
0.0,-0.014750000000000001,0.014750000000000001
0.0,0.0,0.0
0.0,842.8239499999997,-842.8239499999997
209.72,170.2667999999999,39.453200000000095
0.0,167.52849999999998,-167.52849999999998
0.0,0.0,0.0
656.91,1191.1602500000024,-534.2502500000024
310.5,155.53435000000002,154.96564999999998
0.0,74.64940000000006,-74.64940000000006
0.0,-0.06675,0.06675
0.0,0.0,0.0
0.0,0.0,0.0
243.55,275.4102000000002,-31.86020000000019
0.0,0.0,0.0
0.0,0.0,0.0
0.0,160.12720000000007,-160.12720000000007
0.0,10.249749999999999,-10.249749999999999
0.0,438.5298999999999,-438.5298999999999
381.02,121.5384,259.48159999999996
0.0,0.0,0.0
0.0,0.0,0.0
0.0,-0.014750000000000001,0.014750000000000001
0.0,466.12269999999984,-466.12269999999984
0.0,118.43065000000006,-118.43065000000006
0.0,24.907850000000007,-24.907850000000007
379.58,323.65615000000014,55.923849999999845
0.0,0.0,0.0
1497.52,900.6050499999994,596.9149500000005
0.0,40.55930000000001,-40.55930000000001
0.0,0.0,0.0
51.95,99.47830000000002,-47.528300000000016
0.0,0.0,0.0
136.74,194.4822500000001,-57.7422500000001
0.0,30.043749999999996,-30.043749999999996
0.0,222.71245,-222.71245
0.0,119.32514999999995,-119.32514999999995
0.0,130.16385,-130.16385
3016.79,1938.4171499999998,1078.3728500000002
460.86,216.84154999999996,244.01845000000006
488.34,668.2127999999992,-179.87279999999924
3184.06,1362.8795000000014,1821.1804999999986
0.0,0.0,0.0
0.0,0.0,0.0
348.1,128.58470000000005,219.51529999999997
0.0,131.45090000000002,-131.45090000000002
0.0,0.0,0.0
0.0,46.821550000000016,-46.821550000000016
0.0,343.0568999999999,-343.0568999999999
0.0,0.0,0.0
0.0,0.0,0.0
0.0,0.0,0.0
0.0,58.978899999999996,-58.978899999999996
93.35,344.389,-251.03900000000002
302.62,18.748,283.872
0.0,617.7127499999997,-617.7127499999997
0.0,0.0,0.0
0.0,0.0,0.0
0.0,42.40845,-42.40845
0.0,31.273699999999995,-31.273699999999995
0.0,25.9445,-25.9445
0.0,0.0,0.0
0.0,0.0,0.0
0.0,98.65444999999998,-98.65444999999998
0.0,0.0,0.0
117.74000000000001,47.51699999999999,70.22300000000001
114.34,45.75765000000001,68.58234999999999
0.0,32.4876,-32.4876
0.0,69.68564999999998,-69.68564999999998
0.0,35.893400000000014,-35.893400000000014
0.0,28.460950000000004,-28.460950000000004
0.0,0.0,0.0
479.36,266.2949000000001,213.06509999999992
405.13,395.1265499999996,10.003450000000385
215.25,52.236450000000005,163.01355
0.0,120.62975,-120.62975
0.0,508.7694999999993,-508.7694999999993
363.95,255.2892000000003,108.66079999999968
0.0,0.0,0.0
0.0,-0.044250000000000005,0.044250000000000005
0.0,59.0414,-59.0414
0.0,35.87005,-35.87005
0.0,-3.4360000000000004,3.4360000000000004
0.0,0.0,0.0
0.0,0.0,0.0
0.0,0.0,0.0
0.0,614.3678999999997,-614.3678999999997
309.36,669.3391499999998,-359.9791499999998
220.57999999999998,141.41510000000005,79.16489999999993
0.0,0.0,0.0
352.08,656.35805,-304.27805000000006
0.0,-0.133,0.133
613.98,245.65279999999998,368.32720000000006
388.93,931.27715,-542.34715
0.0,55.43079999999999,-55.43079999999999
0.0,-0.059000000000000004,0.059000000000000004
0.0,27.738649999999993,-27.738649999999993
0.0,41.046449999999986,-41.046449999999986
0.0,0.0,0.0
851.07,985.8285000000006,-134.7585000000006
0.0,119.71770000000004,-119.71770000000004
0.0,149.96850000000006,-149.96850000000006
385.02,258.73609999999996,126.28390000000002
0.0,0.0,0.0
231.95,148.60184999999996,83.34815000000003
0.0,9.067950000000002,-9.067950000000002
0.0,122.61289999999994,-122.61289999999994
0.0,98.58685000000001,-98.58685000000001
0.0,54.62564999999998,-54.62564999999998
157.54,297.63849999999996,-140.09849999999997
0.0,78.51860000000002,-78.51860000000002
178.04,109.71100000000003,68.32899999999997
0.0,0.0,0.0
0.0,61.02954999999998,-61.02954999999998
0.0,0.0,0.0
0.0,64.39569999999999,-64.39569999999999
0.0,131.47025000000002,-131.47025000000002
0.0,15.020700000000003,-15.020700000000003
0.0,0.0,0.0
0.0,0.0,0.0
0.0,128.1432,-128.1432
0.0,0.0,0.0
0.0,25.188050000000004,-25.188050000000004
0.0,0.0,0.0
1324.3,122.6952,1201.6048
0.0,46.243100000000005,-46.243100000000005
0.0,64.32924999999999,-64.32924999999999
264.53000000000003,242.58695000000003,21.94305
0.0,24.3866,-24.3866
1228.29,508.77685000000014,719.5131499999998
0.0,290.80435000000006,-290.80435000000006
0.0,0.0,0.0
0.0,101.49674999999999,-101.49674999999999
0.0,35.22254999999999,-35.22254999999999
0.0,41.152300000000004,-41.152300000000004
895.55,276.42894999999993,619.12105
0.0,0.0,0.0
0.0,0.0,0.0
720.52,339.33155,381.18845
160.7,330.83904999999993,-170.13904999999994
0.0,0.0,0.0
0.0,99.16329999999999,-99.16329999999999
0.0,200.04759999999996,-200.04759999999996
1560.17,754.8146000000005,805.3553999999996
0.0,123.00675000000001,-123.00675000000001
0.0,87.96185000000001,-87.96185000000001
0.0,0.0,0.0
0.0,69.09454999999998,-69.09454999999998
765.28,487.71109999999993,277.56890000000004
1018.36,505.7528999999995,512.6071000000005
-61.51,21.72825,-83.23825
0.0,0.0,0.0
0.0,157.11339999999996,-157.11339999999996
0.0,646.7765999999995,-646.7765999999995
0.0,48.650450000000006,-48.650450000000006
151.08,82.54530000000008,68.53469999999993
0.0,276.67465000000016,-276.67465000000016
0.0,121.08615,-121.08615
125.22,890.6980000000008,-765.4780000000007
0.0,95.54764999999998,-95.54764999999998
0.0,0.0,0.0
0.0,50.253849999999986,-50.253849999999986
0.0,88.78430000000004,-88.78430000000004
0.0,-0.014750000000000001,0.014750000000000001
0.0,95.3132,-95.3132
0.0,0.0,0.0
0.0,23.876799999999992,-23.876799999999992
0.0,0.0,0.0
212.92,178.5732499999999,34.3467500000001
0.0,51.02695000000001,-51.02695000000001
0.0,0.0,0.0
0.0,58.73360000000002,-58.73360000000002
0.0,58.57365000000001,-58.57365000000001
0.0,267.52565000000016,-267.52565000000016
0.0,257.8312000000001,-257.8312000000001
0.0,93.2054,-93.2054
418.0,256.49745,161.50254999999999
0.0,2849.8025499999967,-2849.8025499999967
0.0,8.85115,-8.85115
0.0,78.63365,-78.63365
0.0,35.79460000000002,-35.79460000000002
0.0,0.0,0.0
0.0,356.39645000000036,-356.39645000000036
0.0,0.0,0.0
0.0,0.0,0.0
0.0,0.0,0.0
0.0,0.0,0.0
0.0,0.0,0.0
1823.07,635.5283999999996,1187.5416000000005
241.79999999999998,99.92530000000001,141.87469999999996
0.0,130.68145,-130.68145
0.0,1573.0676999999998,-1573.0676999999998
0.0,84.45634999999997,-84.45634999999997
0.0,0.0,0.0
0.0,37.249649999999995,-37.249649999999995
75.98,53.431550000000016,22.54844999999999
0.0,32.094350000000006,-32.094350000000006
0.0,122.44605000000006,-122.44605000000006
569.09,39.8385,529.2515000000001
-19.599999999999998,701.8851999999997,-721.4851999999997
0.0,0.0,0.0
0.0,148.47840000000005,-148.47840000000005
0.0,28.697300000000006,-28.697300000000006
0.0,40.9125,-40.9125
0.0,0.0,0.0
245.24,149.83600000000007,95.40399999999994
452.14,120.21434999999998,331.92565
0.0,40.211350000000024,-40.211350000000024
0.0,0.0,0.0
0.0,264.00735,-264.00735
0.0,50.724450000000004,-50.724450000000004
0.0,0.0,0.0
0.0,0.0,0.0
0.0,37.20015,-37.20015
0.0,0.0,0.0
1143.0,481.81419999999986,661.1858000000002
0.0,102.17380000000001,-102.17380000000001
1023.46,218.81604999999988,804.6439500000001
0.0,82.35235,-82.35235
0.0,-0.014750000000000001,0.014750000000000001
0.0,-0.014750000000000001,0.014750000000000001
218.2,542.7415500000003,-324.5415500000003
0.0,71.13790000000002,-71.13790000000002
0.0,48.473849999999985,-48.473849999999985
148.4,137.28365000000002,11.116349999999983
0.0,81.0064,-81.0064
0.0,212.69280000000006,-212.69280000000006
0.0,0.0,0.0
0.0,46.392700000000005,-46.392700000000005
150.8,15.997200000000003,134.80280000000002
0.0,74.24220000000003,-74.24220000000003
0.0,0.0,0.0
316.4,1445.6112000000005,-1129.2112000000006
0.0,0.0,0.0
0.0,36.361799999999995,-36.361799999999995
0.0,87.86940000000004,-87.86940000000004
111.36,32.271300000000004,79.08869999999999
0.0,394.7612499999998,-394.7612499999998
0.0,123.65950000000008,-123.65950000000008
0.0,36.25555,-36.25555
102.84,47.87290000000001,54.967099999999995
-11.8,47.69700000000001,-59.497000000000014
0.0,396.60389999999984,-396.60389999999984
165.3,85.10469999999995,80.19530000000006
0.0,39.376,-39.376
0.0,101.20079999999999,-101.20079999999999
0.0,350.31275,-350.31275
0.0,174.77190000000002,-174.77190000000002
0.0,0.0,0.0
0.0,-0.07375,0.07375
6552.4,1749.3192000000001,4803.0808
0.0,0.0,0.0
0.0,0.9440000000000001,-0.9440000000000001
0.0,46.56985,-46.56985
0.0,12.0534,-12.0534
1041.74,833.6297000000002,208.11029999999982
0.0,0.0,0.0
0.0,55.906949999999995,-55.906949999999995
0.0,98.31039999999999,-98.31039999999999
0.0,0.0,0.0
0.0,89.57044999999998,-89.57044999999998
7566.66,6028.7052,1537.9547999999995
0.0,-0.014750000000000001,0.014750000000000001
1222.14,829.1227500000009,393.0172499999992
102.11999999999999,-0.44949999999999996,102.56949999999999
455.08,430.0929000000001,24.987099999999884
0.0,30.761600000000012,-30.761600000000012
181.45,58.1474,123.30259999999998
0.0,116.29985,-116.29985
0.0,110.86500000000002,-110.86500000000002
0.0,88.9232,-88.9232
0.0,57.73990000000003,-57.73990000000003
0.0,0.0,0.0
0.0,-0.1335,0.1335
0.0,264.8780499999999,-264.8780499999999
0.0,251.54490000000013,-251.54490000000013
0.0,107.72125,-107.72125
0.0,0.0,0.0
0.0,147.71960000000013,-147.71960000000013
0.0,196.05474999999998,-196.05474999999998
0.0,89.12765000000002,-89.12765000000002
0.0,0.0,0.0
0.0,225.68555000000015,-225.68555000000015
0.0,114.72235000000006,-114.72235000000006
0.0,0.0,0.0
292.58,254.0508000000002,38.529199999999776
1238.48,3773.295499999999,-2534.815499999999
0.0,198.6817999999999,-198.6817999999999
0.0,7.158499999999999,-7.158499999999999
160.19,83.42145,76.76855
0.0,101.75150000000002,-101.75150000000002
0.0,57.737349999999985,-57.737349999999985
0.0,0.0,0.0
765.13,1042.3878,-277.2578
0.0,369.1062000000001,-369.1062000000001
0.0,201.8330500000001,-201.8330500000001
3404.0,4144.96445,-740.9644500000004
0.0,189.22580000000005,-189.22580000000005
0.0,227.29665000000014,-227.29665000000014
0.0,0.0,0.0
843.78,913.32525,-69.54525000000001
0.0,212.62444999999988,-212.62444999999988
488.76,207.37570000000008,281.38429999999994
865.93,268.7687000000001,597.1612999999999
0.0,0.0,0.0
0.0,0.0,0.0
0.0,130.85065000000003,-130.85065000000003
0.0,75.36525000000002,-75.36525000000002
0.0,127.2297,-127.2297
0.0,0.0,0.0
0.0,935.0794999999999,-935.0794999999999
1253.66,356.99500000000006,896.665
0.0,0.0,0.0
0.0,-0.029500000000000002,0.029500000000000002
-172.89,518.2210500000002,-691.1110500000002
1371.6,1763.2636499999994,-391.6636499999995
0.0,16.99115,-16.99115
508.02,74.5333,433.4867
570.98,531.7428499999995,39.2371500000005
0.0,0.0,0.0
0.0,12.363449999999998,-12.363449999999998
0.0,228.01045000000002,-228.01045000000002
379.06,715.5587499999992,-336.49874999999923
0.0,0.0,0.0
0.0,75.23474999999999,-75.23474999999999
0.0,69.22875,-69.22875
0.0,0.0,0.0
557.6899999999999,428.07879999999983,129.6112000000001
0.0,32.604350000000004,-32.604350000000004
0.0,0.0,0.0
204.0,1010.0491999999992,-806.0491999999992
0.0,0.0,0.0
158.35999999999999,62.9912,95.3688
0.0,0.0,0.0
0.0,17.2806,-17.2806
0.0,0.0,0.0
0.0,0.0,0.0
1232.59,378.0521000000003,854.5378999999996
731.88,730.0917,1.7883000000000493
0.0,0.0,0.0
0.0,42.60495,-42.60495
0.0,109.54525000000001,-109.54525000000001
0.0,59.527950000000004,-59.527950000000004
0.0,64.81525000000003,-64.81525000000003
0.0,102.24650000000001,-102.24650000000001
0.0,0.0,0.0
269.77,79.52924999999999,190.24075
0.0,119.98485000000001,-119.98485000000001
0.0,157.01435000000004,-157.01435000000004
168.55,315.68940000000026,-147.13940000000025
0.0,-0.029500000000000002,0.029500000000000002
396.65,269.8378000000001,126.8121999999999
0.0,0.0,0.0
0.0,0.8672,-0.8672
584.66,337.4050500000001,247.2549499999999
0.0,489.7035500000001,-489.7035500000001
0.0,24.163750000000004,-24.163750000000004
0.0,85.01009999999998,-85.01009999999998
0.0,0.0,0.0
766.14,178.34660000000002,587.7934
0.0,78.11075,-78.11075
0.0,0.0,0.0
0.0,0.0,0.0
0.0,158.9788,-158.9788
507.82,312.7073999999997,195.11260000000027
0.0,0.0,0.0
330.64,176.9222,153.71779999999998
663.26,1634.6895500000005,-971.4295500000005
0.0,0.0,0.0
359.03999999999996,71.44074999999998,287.59925
401.75,352.4249000000003,49.32509999999968
0.0,46.172999999999995,-46.172999999999995
0.0,0.0,0.0
0.0,0.0,0.0
0.0,167.57154999999995,-167.57154999999995
0.0,0.0,0.0
0.0,0.0,0.0
0.0,403.4491500000001,-403.4491500000001
0.0,0.0,0.0
196.85,211.66370000000003,-14.81370000000004
379.19,4.20725,374.98275
303.85,54.3811,249.46890000000002
307.15,118.37375000000002,188.77624999999995
0.0,51.53845000000001,-51.53845000000001
0.0,0.0,0.0
197.55,28.99699999999999,168.55300000000003
0.0,73.96005000000004,-73.96005000000004
323.12,28.4155,294.7045
0.0,0.0,0.0
0.0,0.0,0.0
0.0,556.5584999999993,-556.5584999999993
0.0,0.0,0.0
177.93,91.04435000000004,86.88564999999997
821.59,888.0009499999999,-66.41094999999984
1741.95,962.8087500000005,779.1412499999996
0.0,30.865900000000007,-30.865900000000007
0.0,0.0,0.0
0.0,227.84179999999992,-227.84179999999992
0.0,30.578349999999997,-30.578349999999997
0.0,83.62765000000002,-83.62765000000002
0.0,0.0,0.0
0.0,0.0,0.0
0.0,0.0,0.0
0.0,0.0,0.0
433.0,384.13145000000026,48.86854999999974
0.0,195.74874999999997,-195.74874999999997
0.0,106.39904999999999,-106.39904999999999
0.0,50.1507,-50.1507
416.58,42.94469999999998,373.63530000000003
0.0,40.17775,-40.17775
0.0,53.010149999999996,-53.010149999999996
1351.68,266.5329500000001,1085.14705
0.0,0.0,0.0
0.0,91.70859999999995,-91.70859999999995
315.33,626.1536499999997,-310.82364999999976
0.0,4668.4109000000035,-4668.4109000000035
0.0,0.0,0.0
0.0,90.94545,-90.94545
0.0,0.0,0.0
0.0,54.408100000000005,-54.408100000000005
1798.48,1204.382799999999,594.0972000000011
0.0,99.14755000000001,-99.14755000000001
239.28,240.1415999999999,-0.8615999999998962
0.0,282.3837,-282.3837
752.1800000000001,387.6511000000001,364.52889999999996
0.0,149.53545000000005,-149.53545000000005
0.0,76.91425000000001,-76.91425000000001
313.8,911.1543500000006,-597.3543500000005
0.0,136.0222500000001,-136.0222500000001
437.12,309.8465500000001,127.27344999999991
183.60000000000002,67.39309999999998,116.20690000000005
0.0,0.0,0.0
0.0,56.411049999999996,-56.411049999999996
0.0,7.9815499999999995,-7.9815499999999995
0.0,93.75945000000002,-93.75945000000002
1090.07,880.6935500000009,209.37644999999907
0.0,0.0,0.0
0.0,0.0,0.0
52.74,21.3148,31.4252
129.15,128.2701,0.8798999999999921
0.0,0.0,0.0
0.0,0.0,0.0
0.0,86.66199999999999,-86.66199999999999
0.0,40.48424999999999,-40.48424999999999
529.61,185.56950000000003,344.04049999999995
0.0,81.40230000000003,-81.40230000000003
0.0,88.522,-88.522
0.0,111.94795,-111.94795
0.0,0.0,0.0
0.0,92.6447,-92.6447
0.0,62.97654999999999,-62.97654999999999
0.0,11.935499999999998,-11.935499999999998
0.0,51.38945,-51.38945
0.0,486.10749999999973,-486.10749999999973
683.2,215.7753499999998,467.42465000000027
444.68,47.80839999999999,396.8716
592.75,778.63335,-185.88334999999995
107.42,472.2212,-364.8012
120.66,15.613399999999995,105.0466
0.0,82.51299999999999,-82.51299999999999
722.14,906.9733000000003,-184.83330000000035
0.0,0.0,0.0
0.0,92.71464999999998,-92.71464999999998
0.0,0.0,0.0
0.0,91.9611,-91.9611
0.0,96.48295000000013,-96.48295000000013
0.0,0.0,0.0
0.0,131.3650999999999,-131.3650999999999
0.0,237.79044999999994,-237.79044999999994
0.0,-0.19175,0.19175
1425.2,804.5433000000007,620.6566999999993
0.0,0.0,0.0
157.78,154.16515000000015,3.614849999999848
0.0,116.49835000000002,-116.49835000000002
0.0,0.0,0.0
110.72999999999999,200.89770000000004,-90.16770000000005
0.0,0.0,0.0
0.0,129.65324999999996,-129.65324999999996
0.0,0.0,0.0
0.0,0.0,0.0
0.0,39.64505,-39.64505
0.0,0.0,0.0
0.0,117.14614999999999,-117.14614999999999
0.0,219.65145,-219.65145
0.0,-0.46724999999999994,0.46724999999999994
0.0,216.0945,-216.0945
178.4,865.2299499999997,-686.8299499999997
297.0,269.36385,27.636149999999986
0.0,0.0,0.0
59.64,200.1091499999997,-140.46914999999967
227.39,55.14289999999999,172.2471
59.4,312.0069,-252.60689999999997
0.0,0.0,0.0
0.0,152.12964999999986,-152.12964999999986
0.0,0.0,0.0
0.0,0.0,0.0
0.0,138.7362000000001,-138.7362000000001
284.25,158.34794999999994,125.90205000000006
0.0,0.0,0.0
0.0,0.0,0.0
3513.36,5031.588100000003,-1518.2281000000025
0.0,93.14115000000004,-93.14115000000004
0.0,71.90015000000001,-71.90015000000001
0.0,0.0,0.0
0.0,75.87280000000003,-75.87280000000003
0.0,17.155450000000002,-17.155450000000002
0.0,0.0,0.0
0.0,46.662699999999994,-46.662699999999994
0.0,251.25249999999994,-251.25249999999994
0.0,0.0,0.0
0.0,143.99055,-143.99055
0.0,61.29620000000004,-61.29620000000004
0.0,0.0,0.0
0.0,192.93919999999991,-192.93919999999991
0.0,34.9255,-34.9255
0.0,-0.133,0.133
314.73,199.42805000000004,115.30194999999998
0.0,152.3666000000002,-152.3666000000002
0.0,1098.2327500000004,-1098.2327500000004
0.0,123.65875000000007,-123.65875000000007
0.0,0.0,0.0
0.0,0.0,0.0
111.83,35.23839999999999,76.5916
152.95,64.52544999999998,88.42455000000001
0.0,98.29434999999995,-98.29434999999995
0.0,30.847599999999993,-30.847599999999993
0.0,0.0,0.0
1319.16,864.5589999999997,454.60100000000034
0.0,49.72420000000001,-49.72420000000001
0.0,55.288649999999954,-55.288649999999954
0.0,571.3323499999996,-571.3323499999996
1245.81,604.52675,641.28325
0.0,-0.059000000000000004,0.059000000000000004
0.0,0.0,0.0
0.0,0.0,0.0
0.0,39.240399999999994,-39.240399999999994
0.0,127.36864999999997,-127.36864999999997
0.0,58.669000000000025,-58.669000000000025
0.0,0.0,0.0
0.0,0.0,0.0
0.0,0.0,0.0
76.8,178.2633000000001,-101.4633000000001
0.0,46.88640000000002,-46.88640000000002
180.7,144.13624999999976,36.563750000000226
345.4,145.65989999999994,199.74010000000004
0.0,0.0,0.0
0.0,0.0,0.0
327.3,115.85195,211.44805000000002
0.0,50.069050000000026,-50.069050000000026
16.65,398.9134500000003,-382.2634500000003
0.0,88.75764999999997,-88.75764999999997
0.0,0.0,0.0
0.0,0.0,0.0
-125.0,136.68615000000003,-261.68615
0.0,0.0,0.0
0.0,3683.5793499999986,-3683.5793499999986
0.0,4.9884,-4.9884
0.0,88.48160000000001,-88.48160000000001
0.0,24.41269999999999,-24.41269999999999
0.0,296.33585000000005,-296.33585000000005
0.0,130.67615000000006,-130.67615000000006
0.0,553.9179500000002,-553.9179500000002
