CustomerID,StockCode,NeighborCount
18180.0,21484,3
18180.0,22633,2
18180.0,51014A,2
18180.0,22837,2
18180.0,22834,2
18180.0,22866,2
18180.0,51014L,2
18180.0,22632,2
18180.0,22026,2
18180.0,21486,2
17061.0,23084,3
17061.0,84879,2
17061.0,84991,2
17061.0,22469,2
17061.0,21977,2
17061.0,84988,1
17061.0,21974,1
17061.0,23174,1
17061.0,23162,1
17061.0,23173,1
14892.0,22617,2
14892.0,21874,2
14892.0,85123A,2
14892.0,72351B,2
14892.0,21985,2
14892.0,84879,1
14892.0,22090,1
14892.0,21216,1
14892.0,21136,1
14892.0,22299,1
17100.0,22561,3
17100.0,23298,2
17100.0,21918,2
17100.0,21156,2
17100.0,22910,2
17100.0,21888,2
17100.0,22595,2
17100.0,22623,2
17100.0,22271,2
17100.0,22273,2
14435.0,15036,2
14435.0,16014,2
14435.0,16015,2
14435.0,16016,2
14435.0,21975,1
14435.0,22433,1
14435.0,22334,1
14435.0,20975,1
14435.0,21207,1
14435.0,47590B,1
14676.0,23353,2
14676.0,21207,2
14676.0,20676,2
14676.0,22333,2
14676.0,21122,2
14676.0,22437,2
14676.0,21121,2
14676.0,22417,2
14676.0,22613,2
14676.0,21124,2
18011.0,21931,2
18011.0,90030B,1
18011.0,90201B,1
18011.0,17003,1
18011.0,90031,1
18011.0,90030A,1
18011.0,POST,1
18011.0,22512,1
18011.0,90201C,1
18011.0,22513,1
15775.0,84970L,3
15775.0,84970S,2
15775.0,22295,2
15775.0,84978,1
15775.0,21651,1
15775.0,85062,1
15775.0,47581B,1
15775.0,47505,1
15775.0,20728,1
15775.0,85014B,1
17180.0,21843,5
17180.0,21211,3
17180.0,21210,3
17180.0,47599A,2
17180.0,22955,2
17180.0,16156S,2
17180.0,20971,2
17180.0,POST,2
17180.0,15060B,2
17180.0,22956,2
14475.0,22694,4
14475.0,82483,3
14475.0,23333,2
14475.0,23321,2
14475.0,21361,2
14475.0,23329,2
14475.0,21754,2
14475.0,22696,2
14475.0,84406B,2
14475.0,21756,2
15595.0,22144,2
15595.0,35400,2
15595.0,22952,2
15595.0,84270,2
15595.0,21375,2
15595.0,22336,1
15595.0,22255,1
15595.0,21364,1
15595.0,22045,1
15595.0,22254,1
15767.0,15056P,3
15767.0,85014A,1
15767.0,21631,1
15767.0,20750,1
15767.0,15039,1
15767.0,16008,1
15767.0,85015,1
15767.0,85014B,1
15767.0,15044D,1
14118.0,22502,2
14118.0,22393,1
14118.0,22391,1
14118.0,21472,1
14118.0,22423,1
14118.0,21754,1
14118.0,22501,1
14118.0,21915,1
14118.0,22548,1
14118.0,22561,1
13551.0,15056P,4
13551.0,85014A,2
13551.0,85014B,2
13551.0,15039,1
13551.0,15044D,1
13551.0,16008,1
13551.0,85015,1
13551.0,15060B,1
13783.0,85123A,3
13783.0,17091B,2
13783.0,85231E,2
13783.0,21733,2
13783.0,71053,2
13783.0,84952A,1
13783.0,21121,1
13783.0,20728,1
13783.0,85231G,1
13783.0,72008,1
14217.0,21755,5
14217.0,82482,5
14217.0,85066,5
14217.0,21733,4
14217.0,82483,4
14217.0,82486,4
14217.0,22766,4
14217.0,46000S,4
14217.0,46000M,4
14217.0,21622,4
15569.0,22583,5
15569.0,20728,5
15569.0,22617,5
15569.0,22501,5
15569.0,22561,5
15569.0,22086,5
15569.0,47566,5
15569.0,22940,5
15569.0,22759,5
15569.0,22910,5
15267.0,35961,1
15267.0,22578,1
15267.0,85130B,1
15267.0,35931,1
15267.0,22855,1
15267.0,35958,1
15267.0,23275,1
15267.0,35951,1
15267.0,22142,1
15267.0,22161,1
14121.0,22534,3
14121.0,21703,3
14121.0,21890,3
14121.0,23508,3
14121.0,22621,2
14121.0,23445,2
14121.0,21915,2
14121.0,22585,2
14121.0,22028,2
14121.0,16011,2
18283.0,20914,5
18283.0,22593,5
18283.0,22595,5
18283.0,84536A,5
18283.0,21936,5
18283.0,85232B,5
18283.0,23367,5
18283.0,22138,5
18283.0,21479,5
18283.0,84536B,4
16983.0,22561,5
16983.0,21790,5
16983.0,22147,5
16983.0,20972,5
16983.0,22662,5
16983.0,22150,5
16983.0,22149,5
16983.0,22144,5
16983.0,23207,5
16983.0,22491,5
14512.0,22457,2
14512.0,22423,2
14512.0,21992,1
14512.0,22427,1
14512.0,22831,1
14512.0,23395,1
14512.0,85066,1
14512.0,22079,1
14512.0,22801,1
14512.0,22766,1
17409.0,21754,3
17409.0,22120,3
17409.0,21533,3
17409.0,21524,3
17409.0,48138,3
17409.0,22692,3
17409.0,37370,2
17409.0,21755,2
17409.0,21756,2
17409.0,22845,2
14180.0,22960,4
14180.0,22423,4
14180.0,85123A,4
14180.0,22840,3
14180.0,22804,3
14180.0,84030E,3
14180.0,21484,3
14180.0,23243,3
14180.0,22169,3
14180.0,21259,3
17740.0,72741,3
17740.0,72529W,2
17740.0,72122,2
17740.0,85175,2
17740.0,22809,2
17740.0,22810,2
17740.0,20950,2
17740.0,22804,1
17740.0,21733,1
17740.0,85123A,1
16377.0,35160,1
16377.0,15039,1
16377.0,21341,1
16377.0,21923,1
16377.0,84795A,1
16377.0,84950,1
16377.0,84945,1
16377.0,15044A,1
16377.0,20761,1
16377.0,21922,1
14443.0,22669,5
14443.0,21078,5
14443.0,23298,5
14443.0,22668,5
14443.0,21210,5
14443.0,47566,5
14443.0,82482,4
14443.0,20726,4
14443.0,21497,4
14443.0,22367,4
13027.0,21210,3
13027.0,84988,3
13027.0,21974,3
13027.0,22417,2
13027.0,21972,2
13027.0,84987,2
13027.0,21215,2
13027.0,21211,2
13027.0,21122,1
13027.0,21976,1
17139.0,22371,5
17139.0,22132,5
17139.0,22672,5
17139.0,22909,5
17139.0,72760B,5
17139.0,22556,5
17139.0,22571,5
17139.0,84992,5
17139.0,22758,5
17139.0,22866,5
12579.0,21212,2
12579.0,22427,2
12579.0,23291,2
12579.0,22431,2
12579.0,22629,2
12579.0,21936,2
12579.0,21242,2
12579.0,21217,2
12579.0,22630,2
12579.0,23292,2
12880.0,48187,3
12880.0,22365,2
12880.0,85123A,1
12880.0,22689,1
12880.0,22078,1
12880.0,22082,1
12880.0,22458,1
12880.0,22499,1
12880.0,22077,1
12880.0,22570,1
13109.0,22273,4
13109.0,22045,4
13109.0,22271,3
13109.0,22090,3
13109.0,21791,3
13109.0,23206,3
13109.0,21889,3
13109.0,22561,3
13109.0,20972,3
13109.0,22585,3
15114.0,23583,5
15114.0,23493,5
15114.0,23207,5
15114.0,22910,4
15114.0,22633,4
15114.0,22150,4
15114.0,21328,4
15114.0,23439,4
15114.0,22866,4
15114.0,21327,4
13422.0,22077,4
13422.0,85049A,4
13422.0,22621,3
13422.0,22666,3
13422.0,22561,3
13422.0,23306,3
13422.0,23295,3
13422.0,20972,3
13422.0,22138,3
13422.0,22086,3
17113.0,21166,5
17113.0,21755,4
17113.0,21172,4
17113.0,21080,4
17113.0,84520D,4
17113.0,84050,4
17113.0,21539,4
17113.0,21175,4
17113.0,47570,4
17113.0,82551,4
16923.0,22092,5
16923.0,21986,5
16923.0,21977,5
16923.0,21985,5
16923.0,22470,5
16923.0,23298,5
16923.0,85099B,4
16923.0,22379,4
16923.0,22191,4
16923.0,23329,4
12585.0,21977,3
12585.0,21974,3
12585.0,22776,2
12585.0,84992,2
12585.0,22055,1
12585.0,21080,1
12585.0,21231,1
12585.0,21500,1
12585.0,21725,1
12585.0,21981,1
15424.0,20970,4
15424.0,22749,3
15424.0,23127,3
15424.0,20969,2
15424.0,22271,2
15424.0,21843,2
15424.0,21539,2
15424.0,21533,2
15424.0,22940,2
15424.0,22566,1
16162.0,82483,3
16162.0,22077,2
16162.0,21257,2
16162.0,22171,2
16162.0,21889,1
16162.0,22666,1
16162.0,22720,1
16162.0,84077,1
16162.0,22406,1
16162.0,85178,1
14447.0,20727,5
14447.0,23207,4
14447.0,22554,4
14447.0,22818,4
14447.0,22139,4
14447.0,21791,4
14447.0,22610,3
14447.0,22563,3
14447.0,22586,3
14447.0,21507,3
13634.0,22354,5
13634.0,21564,5
13634.0,22645,5
13634.0,22170,5
13634.0,21937,5
13634.0,21907,5
13634.0,22720,5
13634.0,21535,5
13634.0,84992,5
13634.0,82482,5
15731.0,37449,2
15731.0,22299,1
15731.0,47591D,1
15731.0,84987,1
15731.0,37495,1
15731.0,22065,1
15731.0,84520D,1
15731.0,47567B,1
15731.0,22646,1
15731.0,20671,1
15867.0,22496,5
15867.0,21912,5
15867.0,21704,5
15867.0,48187,5
15867.0,21528,5
15867.0,21911,5
15867.0,21889,5
15867.0,22483,5
15867.0,84993A,5
15867.0,22275,5
17950.0,22491,4
17950.0,21718,4
17950.0,22622,4
17950.0,22138,4
17950.0,22418,4
17950.0,22617,4
17950.0,22746,4
17950.0,22489,4
17950.0,22029,4
17950.0,22561,4
14236.0,21213,3
14236.0,21210,2
14236.0,84988,2
14236.0,21974,2
14236.0,84992,2
14236.0,21972,1
14236.0,84990,1
14236.0,22951,1
14236.0,D,1
14236.0,M,1
14665.0,22867,4
14665.0,21733,4
14665.0,21484,4
14665.0,22423,4
14665.0,22149,3
14665.0,20972,3
14665.0,22112,3
14665.0,22697,3
14665.0,21843,3
14665.0,22141,3
13343.0,20726,2
13343.0,22411,2
13343.0,20728,2
13343.0,23207,2
13343.0,23208,2
13343.0,23170,2
13343.0,23202,2
13343.0,23203,2
13343.0,22699,2
13343.0,23201,2
16905.0,22470,5
16905.0,82482,4
16905.0,22469,4
16905.0,85123A,4
16905.0,22578,4
16905.0,22579,4
16905.0,21558,3
16905.0,23321,3
16905.0,21755,3
16905.0,22776,3
13801.0,22469,2
13801.0,23321,1
13801.0,23129,1
13801.0,85152,1
13801.0,22696,1
13801.0,22423,1
13801.0,23131,1
13801.0,21411,1
13801.0,48185,1
13801.0,22969,1
17573.0,22699,2
17573.0,22423,1
17573.0,22784,1
17573.0,21136,1
13883.0,84992,5
13883.0,22699,5
13883.0,22730,5
13883.0,22624,5
13883.0,47559B,4
13883.0,22938,4
13883.0,84997C,4
13883.0,22795,4
13883.0,84997D,4
13883.0,21174,4
13307.0,21359,1
15304.0,23173,3
15304.0,22698,3
15304.0,23170,2
15304.0,23163,2
15304.0,47566,1
15304.0,22578,1
15304.0,84879,1
15304.0,21136,1
15304.0,22840,1
15304.0,23340,1
17798.0,22027,5
17798.0,21508,4
17798.0,22983,4
17798.0,22045,3
17798.0,22197,3
17798.0,22083,3
17798.0,22367,3
17798.0,21703,3
17798.0,21061,3
17798.0,21988,3
13133.0,22578,1
13133.0,22577,1
13133.0,22087,1
13133.0,84946,1
13133.0,84879,1
13133.0,22222,1
13133.0,22776,1
13133.0,22726,1
16188.0,21509,4
16188.0,21212,4
16188.0,22138,3
16188.0,21086,3
16188.0,23207,3
16188.0,21156,3
16188.0,22037,3
16188.0,21498,3
16188.0,22384,3
16188.0,22555,3
15018.0,21621,2
15018.0,22471,1
15018.0,22555,1
15018.0,84279P,1
15018.0,37495,1
15018.0,23382,1
15018.0,21633,1
15018.0,22947,1
15018.0,22625,1
15018.0,POST,1
14492.0,72760B,3
14492.0,22470,3
14492.0,22672,2
14492.0,23146,2
14492.0,22673,2
14492.0,22283,2
14492.0,23332,2
14492.0,22170,2
14492.0,22686,2
14492.0,84837,2
14372.0,21975,3
14372.0,22776,2
14372.0,22223,2
14372.0,47591D,2
14372.0,21156,2
14372.0,POST,2
14372.0,22367,2
14372.0,21210,2
14372.0,22617,2
14372.0,21211,2
16594.0,21983,3
16594.0,21984,3
16594.0,22632,2
16594.0,22553,2
16594.0,22403,2
16594.0,22616,2
16594.0,22556,2
16594.0,POST,2
16594.0,23357,2
16594.0,22113,2
13129.0,22756,2
13129.0,18007,1
13129.0,17003,1
13129.0,17164B,1
13129.0,17164D,1
13129.0,22319,1
13129.0,23470,1
13129.0,22220,1
13129.0,84819,1
13129.0,22753,1
17621.0,21217,2
17621.0,22826,1
17621.0,21216,1
17621.0,47591D,1
17621.0,22765,1
17621.0,22149,1
17621.0,22431,1
17621.0,22037,1
17621.0,22430,1
17621.0,22714,1
14661.0,47566,1
14661.0,84947,1
14661.0,22791,1
15176.0,21389,4
15176.0,22292,3
15176.0,22285,3
15176.0,22293,3
15176.0,22021,3
15176.0,22804,3
15176.0,20752,3
15176.0,21438,2
15176.0,21034,2
15176.0,22265,2
16805.0,82599,5
16805.0,22296,5
16805.0,71477,5
16805.0,21733,5
16805.0,22154,5
16805.0,22156,5
16805.0,22294,5
16805.0,21770,5
16805.0,22804,5
16805.0,21390,5
12369.0,21578,5
12369.0,21238,5
12369.0,22326,5
12369.0,22704,5
12369.0,22329,5
12369.0,21094,5
12369.0,22352,5
12369.0,22328,5
12369.0,21086,5
12369.0,22244,4
17243.0,22196,5
17243.0,22411,5
17243.0,21937,5
17243.0,84993A,5
17243.0,22435,5
17243.0,23300,5
17243.0,22185,5
17243.0,23202,5
17243.0,22352,5
17243.0,23307,5
15334.0,84991,4
15334.0,23200,3
15334.0,21903,3
15334.0,23202,3
15334.0,82552,3
15334.0,85150,3
15334.0,85099F,3
15334.0,22149,3
15334.0,82580,3
15334.0,22494,3
12430.0,21210,1
12430.0,84988,1
12430.0,21211,1
12430.0,84970L,1
12430.0,84970S,1
12430.0,84978,1
12430.0,85123A,1
12430.0,22549,1
12430.0,22539,1
12430.0,21791,1
16235.0,85123A,3
16235.0,22427,3
16235.0,85068,3
16235.0,22457,2
16235.0,21314,2
16235.0,22212,2
16235.0,21622,2
16235.0,21577,2
16235.0,22499,2
16235.0,23028,2
16687.0,21823,3
16687.0,21807,2
16687.0,22810,2
16687.0,22130,2
16687.0,22909,2
16687.0,21806,2
16687.0,22809,2
16687.0,21349,2
16687.0,22423,2
16687.0,22910,2
17841.0,22585,5
17841.0,22698,5
17841.0,21739,5
17841.0,84978,5
17841.0,22546,5
17841.0,20765,5
17841.0,20766,5
17841.0,22082,5
17841.0,84347,5
17841.0,22699,5
13380.0,85086A,1
13380.0,21114,1
13380.0,22055,1
13380.0,85129D,1
13380.0,22227,1
13380.0,84991,1
13380.0,84279B,1
13380.0,85014B,1
13380.0,20724,1
13380.0,20665,1
14188.0,22411,5
14188.0,85099C,5
14188.0,23200,4
14188.0,23199,4
14188.0,85099F,4
14188.0,20713,4
14188.0,23344,4
14188.0,22356,3
14188.0,20711,3
14188.0,20712,3
15536.0,22753,4
15536.0,22752,3
15536.0,22756,3
15536.0,22577,2
15536.0,22713,1
15536.0,22037,1
15536.0,22390,1
15536.0,21427,1
15536.0,21425,1
15536.0,21935,1
16098.0,48138,4
16098.0,22456,3
16098.0,23317,3
16098.0,21523,3
16098.0,23283,3
16098.0,20685,3
16098.0,22423,3
16098.0,21238,3
16098.0,21891,2
16098.0,22192,2
17721.0,48187,3
17721.0,21524,3
17721.0,22189,2
17721.0,48173C,2
17721.0,48138,2
17721.0,85123A,2
17721.0,21955,2
17721.0,82578,2
17721.0,23543,1
17721.0,22692,1
13747.0,21672,2
13747.0,22193,2
13747.0,23393,2
13747.0,84836,2
13747.0,23032,2
13747.0,22508,1
13747.0,21066,1
13747.0,21240,1
13747.0,22637,1
13747.0,21242,1
15919.0,21181,5
15919.0,85123A,5
15919.0,21174,5
15919.0,85152,5
15919.0,85150,5
15919.0,22398,5
15919.0,82583,5
15919.0,23264,5
15919.0,21903,5
15919.0,23265,5
13909.0,21376,1
13909.0,20679,1
13909.0,15056P,1
13909.0,15056BL,1
13909.0,85014A,1
13909.0,85014B,1
13909.0,15056N,1
13909.0,22423,1
13909.0,20727,1
13909.0,22638,1
14599.0,22549,4
14599.0,22950,4
14599.0,22630,3
14599.0,21915,3
14599.0,22662,3
14599.0,10120,3
14599.0,23376,3
14599.0,21790,3
14599.0,22141,3
14599.0,21122,3
15113.0,85099F,5
15113.0,22556,5
15113.0,21936,4
15113.0,84378,4
15113.0,20914,4
15113.0,21937,4
15113.0,22720,4
15113.0,22993,4
15113.0,22964,4
15113.0,23298,3
15271.0,23209,5
15271.0,23343,5
15271.0,21211,5
15271.0,85099B,5
15271.0,23206,5
15271.0,23366,5
15271.0,22130,5
15271.0,22386,5
15271.0,21524,5
15271.0,82583,5
12665.0,22469,1
12665.0,22487,1
12665.0,21411,1
12665.0,22969,1
12665.0,82578,1
12665.0,22169,1
12665.0,22138,1
12665.0,21035,1
12665.0,22055,1
12665.0,21609,1
13341.0,22966,2
13341.0,22720,2
13341.0,84378,2
13341.0,22961,2
13341.0,22907,2
13341.0,84380,2
13341.0,22423,2
13341.0,84991,2
13341.0,21527,2
13341.0,21212,1
16129.0,22585,3
16129.0,22537,3
16129.0,21915,3
16129.0,22271,3
16129.0,21500,3
16129.0,22621,3
16129.0,21743,3
16129.0,84375,3
16129.0,21912,3
16129.0,21704,3
13880.0,22569,4
13880.0,20970,3
13880.0,22570,3
13880.0,84836,3
13880.0,84380,3
13880.0,22620,3
13880.0,22411,3
13880.0,47566B,3
13880.0,22909,3
13880.0,22568,3
14529.0,22556,5
14529.0,22952,4
14529.0,21935,4
14529.0,22551,4
14529.0,20725,4
14529.0,22150,4
14529.0,22139,4
14529.0,20971,4
14529.0,22568,4
14529.0,22993,4
12968.0,47566,3
12968.0,21926,2
12968.0,84879,2
12968.0,21922,2
12968.0,22423,2
12968.0,22178,2
12968.0,22485,2
12968.0,23444,1
12968.0,21714,1
12968.0,22427,1
13211.0,21123,4
13211.0,21381,3
13211.0,21126,2
13211.0,22716,2
13211.0,POST,2
13211.0,20977,2
13211.0,21508,2
13211.0,21380,2
13211.0,84988,2
13211.0,22908,2
15634.0,22114,4
15634.0,84029G,2
15634.0,22113,2
15634.0,84946,2
15634.0,84029E,2
15634.0,21481,1
15634.0,22469,1
15634.0,21361,1
15634.0,85123A,1
15634.0,84212,1
16457.0,35961,1
16457.0,21535,1
16457.0,21584,1
16457.0,21135,1
16457.0,22594,1
16457.0,22595,1
16457.0,22823,1
16457.0,22336,1
16457.0,22071,1
16457.0,22337,1
17296.0,84997D,1
14706.0,22296,2
14706.0,21651,1
14706.0,84970L,1
14706.0,84978,1
14706.0,84832,1
14706.0,22595,1
14706.0,22415,1
14706.0,23068,1
14706.0,22219,1
14706.0,48194,1
14382.0,84380,5
14382.0,21790,5
14382.0,22665,5
14382.0,22749,5
14382.0,22578,5
14382.0,21080,5
14382.0,20972,5
14382.0,21891,5
14382.0,22273,5
14382.0,21928,5
15161.0,18007,1
15161.0,17165B,1
15161.0,17164D,1
15161.0,22470,1
15161.0,22627,1
15161.0,51014C,1
15161.0,22626,1
15161.0,75131,1
15161.0,51014A,1
15161.0,22624,1
16261.0,22144,4
16261.0,22508,4
16261.0,23263,4
16261.0,22867,4
16261.0,20914,3
16261.0,21210,3
16261.0,22142,3
16261.0,22411,3
16261.0,47590B,3
16261.0,23207,3
15013.0,21380,4
15013.0,47590A,4
15013.0,21059,3
15013.0,21203,3
15013.0,21224,3
15013.0,40016,3
15013.0,22492,3
15013.0,22416,3
15013.0,22584,3
15013.0,22127,3
12852.0,21212,2
12852.0,22196,2
12852.0,22088,1
12852.0,84992,1
12852.0,21213,1
12852.0,22432,1
12852.0,22993,1
12852.0,22089,1
12852.0,21218,1
12852.0,22776,1
15356.0,22578,5
15356.0,21212,5
15356.0,21535,5
15356.0,22646,5
15356.0,22581,5
15356.0,21977,5
15356.0,47591D,5
15356.0,21980,5
15356.0,21156,5
15356.0,22379,5
13535.0,21755,2
13535.0,21745,2
13535.0,21041,2
13535.0,22634,1
13535.0,21349,1
13535.0,M,1
13535.0,21754,1
13535.0,22622,1
13535.0,22119,1
13535.0,20983,1
16019.0,84077,5
16019.0,85049G,5
16019.0,21933,5
16019.0,22623,5
16019.0,21929,5
16019.0,21990,5
16019.0,22362,5
16019.0,22434,5
16019.0,21557,5
16019.0,22435,5
13456.0,22138,5
13456.0,22617,4
13456.0,21912,4
13456.0,23177,3
13456.0,22149,3
13456.0,22434,3
13456.0,21718,3
13456.0,21156,3
13456.0,22492,3
13456.0,22037,3
16297.0,22635,2
16297.0,22634,2
16297.0,22630,2
16297.0,22399,1
16297.0,16161P,1
16297.0,22374,1
16297.0,22045,1
16297.0,21498,1
16297.0,22551,1
16297.0,22554,1
15447.0,22110,1
15447.0,23444,1
15447.0,84946,1
15447.0,22499,1
15447.0,22269,1
15447.0,22637,1
15447.0,22595,1
15447.0,22084,1
15447.0,22424,1
15447.0,84797A,1
12425.0,22386,4
12425.0,22356,4
12425.0,85099B,4
12425.0,23199,3
12425.0,22379,3
12425.0,22661,3
12425.0,23344,3
12425.0,22384,3
12425.0,20718,3
12425.0,22385,3
16206.0,84380,5
16206.0,84991,5
16206.0,21535,4
16206.0,21539,4
16206.0,47556B,4
16206.0,22382,4
16206.0,22189,4
16206.0,21983,4
16206.0,22384,4
16206.0,84997C,4
13766.0,84997D,2
13766.0,21243,2
13766.0,21238,2
13766.0,20677,2
13766.0,21240,2
13766.0,21239,2
13766.0,21244,2
13766.0,84997A,2
13766.0,20675,2
13766.0,84997C,2
13682.0,22488,2
13682.0,72807B,2
13682.0,22423,2
13682.0,85035A,1
13682.0,22639,1
13682.0,21314,1
13682.0,21107,1
13682.0,82095,1
13682.0,21108,1
13682.0,21656,1
14770.0,21755,5
14770.0,84970L,4
14770.0,48185,4
14770.0,48194,4
14770.0,84970S,4
14770.0,82580,4
14770.0,82578,4
14770.0,21871,3
14770.0,22090,3
14770.0,48173C,3
18225.0,47591D,5
18225.0,48194,5
18225.0,21156,5
18225.0,22367,5
18225.0,22379,5
18225.0,22382,5
18225.0,22417,5
18225.0,22865,5
18225.0,84991,5
18225.0,20728,5
16796.0,84968C,1
16796.0,22283,1
16796.0,22666,1
16796.0,47591D,1
16796.0,22065,1
16796.0,22795,1
16796.0,84077,1
16796.0,23294,1
16796.0,22055,1
16796.0,37449,1
16566.0,22784,2
16566.0,84947,2
16566.0,21361,1
16566.0,22783,1
16566.0,22487,1
16566.0,22469,1
16566.0,22457,1
16566.0,82484,1
16566.0,22824,1
16566.0,82494L,1
14125.0,22910,5
14125.0,22635,5
14125.0,22138,5
14125.0,21915,5
14125.0,21914,5
14125.0,22417,5
14125.0,21507,4
14125.0,22634,4
14125.0,22952,4
14125.0,22714,4
13911.0,21889,5
13911.0,22185,5
13911.0,22456,5
13911.0,22561,5
13911.0,22759,5
13911.0,22139,5
13911.0,21877,5
13911.0,21888,5
13911.0,22465,5
13911.0,22694,5
13279.0,22699,3
13279.0,20996,1
13279.0,22065,1
13279.0,72817,1
13279.0,22356,1
13279.0,47566,1
13279.0,23175,1
13279.0,23173,1
13279.0,23174,1
12567.0,22399,5
12567.0,21791,5
12567.0,22029,5
12567.0,22356,5
12567.0,22661,5
12567.0,22242,5
12567.0,22973,5
12567.0,23245,4
12567.0,22553,4
12567.0,21975,4
15869.0,22498,1
15869.0,22098,1
15869.0,35838A,1
15869.0,40016,1
15869.0,82583,1
15869.0,90058B,1
15869.0,15044D,1
15869.0,21365,1
15869.0,82552,1
15869.0,15044C,1
16210.0,22382,5
16210.0,22178,5
16210.0,23203,5
16210.0,22865,5
16210.0,85099C,5
16210.0,20725,5
16210.0,47566,5
16210.0,20727,5
16210.0,23581,5
16210.0,23245,5
12545.0,21212,2
12545.0,22236,2
12545.0,22776,2
12545.0,21976,2
12545.0,21210,2
12545.0,84991,2
12545.0,22220,2
12545.0,21977,2
12545.0,21121,2
12545.0,22720,2
14934.0,84879,4
14934.0,20685,3
14934.0,22098,3
14934.0,22530,3
14934.0,21982,3
14934.0,85152,3
14934.0,23301,3
14934.0,22662,3
14934.0,23300,3
14934.0,22910,3
15392.0,22271,5
15392.0,22274,5
15392.0,22652,4
15392.0,20972,4
15392.0,22144,4
15392.0,22142,4
15392.0,22749,4
15392.0,22751,4
15392.0,22654,3
15392.0,22141,3
12739.0,22622,3
12739.0,22720,3
12739.0,22509,3
12739.0,22497,3
12739.0,22555,3
12739.0,22961,3
12739.0,23295,3
12739.0,21559,3
12739.0,23173,3
12739.0,23256,3
13523.0,22720,5
13523.0,22084,5
13523.0,21844,4
13523.0,21527,4
13523.0,21912,4
13523.0,21622,4
13523.0,22961,4
13523.0,84880,4
13523.0,21878,4
13523.0,23307,4
16645.0,72755C,2
16645.0,72750D,1
16645.0,72750A,1
16645.0,72754A,1
16645.0,21429,1
16645.0,72750B,1
16645.0,21437,1
16645.0,21438,1
16645.0,84396,1
16645.0,21715,1
17923.0,84946,2
17923.0,23298,1
17923.0,84949,1
17923.0,21742,1
17923.0,23083,1
17923.0,84947,1
17923.0,22128,1
17923.0,21326,1
17923.0,22488,1
17923.0,22839,1
16100.0,84949,2
16100.0,22087,2
16100.0,21390,2
16100.0,22236,2
16100.0,46000S,2
16100.0,22460,2
16100.0,82484,2
16100.0,22185,1
16100.0,22456,1
16100.0,22670,1
17987.0,21544,5
17987.0,22141,5
17987.0,22273,5
17987.0,22557,5
17987.0,22553,5
17987.0,22150,5
17987.0,22433,4
17987.0,22086,4
17987.0,23084,4
17987.0,21498,4
17460.0,21175,5
17460.0,21232,5
17460.0,84987,5
17460.0,20914,5
17460.0,21231,5
17460.0,47556B,5
17460.0,22507,5
17460.0,21955,4
17460.0,22662,4
17460.0,21164,4
14215.0,22624,5
14215.0,82581,5
14215.0,22469,5
14215.0,22675,5
14215.0,20677,5
14215.0,22197,5
14215.0,22593,5
14215.0,22568,5
14215.0,85049E,5
14215.0,21557,5
15265.0,21175,4
15265.0,22315,4
15265.0,21535,4
15265.0,21035,4
15265.0,21260,4
15265.0,82580,4
15265.0,21210,4
15265.0,21908,4
15265.0,23284,4
15265.0,84987,4
18002.0,20972,2
18002.0,20971,2
18002.0,22144,1
18002.0,21787,1
18002.0,22821,1
18002.0,22815,1
18002.0,21898,1
18002.0,22076,1
18002.0,21340,1
18002.0,85185F,1
15124.0,22478,2
15124.0,21733,2
15124.0,16156S,1
15124.0,23188,1
15124.0,22927,1
15124.0,22777,1
15124.0,22282,1
15124.0,22624,1
15124.0,22986,1
15124.0,22926,1
16605.0,15036,3
16605.0,22502,1
16605.0,21878,1
16605.0,35001G,1
16605.0,72232,1
16605.0,15044B,1
16605.0,20782,1
16605.0,15044D,1
16605.0,22180,1
16605.0,21746,1
15372.0,22491,2
15372.0,22561,2
15372.0,21703,2
15372.0,84992,1
15372.0,21974,1
15372.0,21975,1
15372.0,22951,1
15372.0,21972,1
15372.0,22138,1
15372.0,22425,1
12513.0,21212,2
12513.0,20979,2
12513.0,20728,2
12513.0,21094,2
12513.0,20724,2
12513.0,23200,2
12513.0,20725,2
12513.0,20978,2
12513.0,20973,2
12513.0,20713,2
18236.0,22720,5
18236.0,21166,5
18236.0,22666,4
18236.0,21175,3
18236.0,22111,3
18236.0,21754,3
18236.0,20727,3
18236.0,48187,3
18236.0,48194,3
18236.0,21843,3
16255.0,22112,5
16255.0,22690,5
16255.0,22698,5
16255.0,22668,5
16255.0,21164,5
16255.0,21210,5
16255.0,21980,5
16255.0,21216,5
16255.0,84880,5
16255.0,22909,5
12654.0,22631,3
12654.0,22551,3
12654.0,22328,3
12654.0,22634,2
12654.0,84997B,2
12654.0,20977,2
12654.0,84997D,2
12654.0,23480,2
12654.0,22964,2
12654.0,23206,2
13567.0,22381,5
13567.0,22910,5
13567.0,22951,5
13567.0,20718,5
13567.0,22663,5
13567.0,22086,5
13567.0,20726,5
13567.0,22141,5
13567.0,22138,5
13567.0,22666,5
16135.0,47566,2
16135.0,23170,2
16135.0,22952,2
16135.0,23175,2
16135.0,23172,2
16135.0,84988,2
16135.0,23174,2
16135.0,23171,2
16135.0,23173,2
16135.0,22089,2
14240.0,22594,4
14240.0,22593,4
14240.0,47566,3
14240.0,23298,3
14240.0,22470,3
14240.0,48138,2
14240.0,22576,2
14240.0,23406,2
14240.0,22469,2
14240.0,22508,2
13227.0,22411,4
13227.0,85099B,4
13227.0,22385,3
13227.0,23199,3
13227.0,21928,2
13227.0,21929,2
13227.0,20711,2
13227.0,20713,2
13227.0,85099F,2
13227.0,23200,2
13393.0,48129,3
13393.0,84970S,2
13393.0,22366,2
13393.0,22692,2
13393.0,22690,2
13393.0,21524,2
13393.0,22300,1
13393.0,20764,1
13393.0,75131,1
13393.0,21889,1
16005.0,21871,5
16005.0,22665,5
16005.0,22908,5
16005.0,23344,5
16005.0,21992,5
16005.0,23236,5
16005.0,84536A,5
16005.0,85231B,5
16005.0,22118,5
16005.0,22372,5
16703.0,M,3
16703.0,ADJUST,1
16703.0,84840,1
16703.0,22842,1
16703.0,22589,1
16703.0,22943,1
16703.0,23252,1
16703.0,22762,1
16703.0,22797,1
16703.0,85066,1
17547.0,22271,4
17547.0,22147,2
17547.0,20971,2
17547.0,20972,2
17547.0,22566,2
17547.0,22272,1
17547.0,22749,1
17547.0,22750,1
17547.0,20967,1
17547.0,22940,1
15109.0,22624,2
15109.0,48184,2
15109.0,48185,2
15109.0,48138,2
15109.0,22826,1
15109.0,82581,1
15109.0,22488,1
15109.0,POST,1
15109.0,22467,1
15109.0,82578,1
12609.0,21094,5
12609.0,22029,5
12609.0,21086,5
12609.0,20682,5
12609.0,22329,5
12609.0,21156,5
12609.0,22352,5
12609.0,21731,5
12609.0,20665,5
12609.0,21559,5
17434.0,22138,3
17434.0,23321,3
17434.0,23355,3
17434.0,22470,3
17434.0,22469,3
17434.0,22784,3
17434.0,82486,2
17434.0,23331,2
17434.0,22268,2
17434.0,82483,2
17803.0,22113,3
17803.0,23355,2
17803.0,23356,2
17803.0,20886,1
17803.0,22807,1
17803.0,22149,1
17803.0,22567,1
17803.0,85049F,1
17803.0,22704,1
17803.0,21484,1
16680.0,20726,3
16680.0,POST,3
16680.0,20728,2
16680.0,22631,2
16680.0,22662,2
16680.0,22353,2
16680.0,22328,2
16680.0,20727,2
16680.0,22383,2
16680.0,22352,2
18261.0,20972,5
18261.0,20969,4
18261.0,20970,4
18261.0,22149,4
18261.0,22273,3
18261.0,20967,3
18261.0,22271,3
18261.0,22272,3
18261.0,22749,2
18261.0,22750,2
14431.0,21756,4
14431.0,22457,3
14431.0,22084,3
14431.0,22121,3
14431.0,21524,3
14431.0,23284,3
14431.0,22689,3
14431.0,85048,3
14431.0,22456,3
14431.0,72760B,3
17618.0,22469,5
17618.0,20914,5
17618.0,84987,5
17618.0,21155,5
17618.0,22188,5
17618.0,22113,5
17618.0,85099B,5
17618.0,47599A,5
17618.0,20677,5
17618.0,21715,5
17600.0,22111,2
17600.0,22112,2
17600.0,21428,1
17600.0,23404,1
17600.0,21533,1
17600.0,22727,1
17600.0,22768,1
17600.0,22595,1
17600.0,23301,1
17600.0,22457,1
16055.0,23298,1
16055.0,23503,1
16055.0,22089,1
16055.0,84946,1
13029.0,20726,3
13029.0,22382,3
13029.0,22383,3
13029.0,22629,2
13029.0,21156,1
13029.0,22456,1
13029.0,47591B,1
13029.0,22367,1
13029.0,23207,1
13029.0,22631,1
18000.0,M,1
18000.0,21112,1
12600.0,15044D,2
12600.0,15060B,1
12600.0,15044B,1
12600.0,15044A,1
12600.0,22423,1
12600.0,15044C,1
12600.0,15039,1
16266.0,20685,3
16266.0,21754,3
16266.0,21524,3
16266.0,84970L,3
16266.0,48173C,2
16266.0,82494L,2
16266.0,22215,2
16266.0,21671,2
16266.0,84406B,2
16266.0,22365,2
18101.0,22632,4
18101.0,21034,4
18101.0,22112,4
18101.0,84029E,4
18101.0,22866,3
18101.0,21109,3
18101.0,22835,3
18101.0,21891,3
18101.0,21485,3
18101.0,84792,3
13097.0,22733,5
13097.0,22909,5
13097.0,22086,5
13097.0,22964,5
13097.0,22429,5
13097.0,22952,5
13097.0,22959,5
13097.0,22993,5
13097.0,21212,5
13097.0,23293,5
14085.0,21733,5
14085.0,21524,5
14085.0,22114,5
14085.0,22048,5
14085.0,22672,5
14085.0,22029,5
14085.0,82552,5
14085.0,23254,5
14085.0,23209,5
14085.0,22139,5
18102.0,22564,5
18102.0,22111,5
18102.0,22491,5
18102.0,71477,5
18102.0,21257,5
18102.0,22179,5
18102.0,21535,5
18102.0,21559,5
18102.0,15060B,5
18102.0,84029E,5
17261.0,20972,5
17261.0,22271,5
17261.0,21704,4
17261.0,22274,4
17261.0,21212,4
17261.0,84032B,4
17261.0,21232,4
17261.0,20728,4
17261.0,84991,4
17261.0,84997D,4
17828.0,22066,2
17828.0,22645,2
17828.0,22890,2
17828.0,22649,2
17828.0,22421,2
17828.0,72803A,1
17828.0,84509B,1
17828.0,22055,1
17828.0,20618,1
17828.0,84968A,1
12847.0,21034,5
12847.0,21809,5
12847.0,22384,5
12847.0,23369,4
12847.0,47591D,4
12847.0,21080,4
12847.0,21231,4
12847.0,21930,4
12847.0,22601,4
12847.0,M,4
15462.0,22457,2
15462.0,22138,2
15462.0,22197,2
15462.0,POST,2
15462.0,20749,2
15462.0,23109,1
15462.0,22774,1
15462.0,22469,1
15462.0,23108,1
15462.0,21619,1
12523.0,22348,5
12523.0,22690,5
12523.0,22734,5
12523.0,23306,5
12523.0,22697,5
12523.0,85123A,5
12523.0,84970S,5
12523.0,84987,5
12523.0,22722,5
12523.0,21534,5
17959.0,22190,1
17959.0,71477,1
17959.0,21232,1
17959.0,22107,1
17959.0,22064,1
17959.0,84671B,1
17959.0,79067,1
17959.0,21495,1
17959.0,21621,1
17959.0,22779,1
16609.0,20723,4
16609.0,21930,4
16609.0,22411,4
16609.0,22386,4
16609.0,22303,3
16609.0,22141,3
16609.0,21479,3
16609.0,48129,3
16609.0,22776,3
16609.0,21733,3
16331.0,22088,2
16331.0,84992,2
16331.0,21977,2
16331.0,22087,2
16331.0,22089,2
16331.0,POST,2
16331.0,47566,2
16331.0,22669,1
16331.0,72351B,1
16331.0,85130A,1
13448.0,22198,5
13448.0,21164,5
13448.0,22644,5
13448.0,21790,5
13448.0,22374,5
13448.0,20679,5
13448.0,22057,5
13448.0,22197,5
13448.0,21165,5
13448.0,22372,5
14750.0,21650,1
14750.0,22411,1
14750.0,21114,1
14750.0,22277,1
14750.0,85177,1
14750.0,21704,1
14750.0,37449,1
14750.0,22279,1
14750.0,21931,1
14750.0,85068,1
13394.0,21499,5
13394.0,22632,5
13394.0,23245,5
13394.0,22090,5
13394.0,22737,5
13394.0,21746,5
13394.0,22866,5
13394.0,21500,5
13394.0,22557,5
13394.0,16161P,5
14747.0,22907,2
14747.0,21955,2
14747.0,22457,1
14747.0,22342,1
14747.0,22466,1
14747.0,22341,1
14747.0,21524,1
14747.0,22365,1
14747.0,22759,1
14747.0,48185,1
17596.0,22748,5
17596.0,22946,5
17596.0,23281,5
17596.0,20727,5
17596.0,22653,5
17596.0,21488,5
17596.0,20725,5
17596.0,23154,5
17596.0,22077,5
17596.0,22749,5
13386.0,22469,1
13386.0,85186C,1
13386.0,82484,1
13386.0,22961,1
13386.0,21136,1
13386.0,21670,1
13386.0,22774,1
13386.0,23109,1
13386.0,21617,1
13386.0,21619,1
14639.0,85123A,5
14639.0,85066,5
14639.0,21164,4
14639.0,84836,4
14639.0,21175,4
14639.0,21889,4
14639.0,21531,4
14639.0,21166,4
14639.0,22189,4
14639.0,84970S,4
12944.0,22086,2
12944.0,23480,2
12944.0,20685,2
12944.0,20712,2
12944.0,23203,2
12944.0,22961,2
12944.0,23344,2
12944.0,21915,2
12944.0,22623,2
12944.0,84077,2
17668.0,22960,3
17668.0,22697,3
17668.0,22699,2
17668.0,22849,2
17668.0,22692,2
17668.0,22841,2
17668.0,23240,2
17668.0,22192,1
17668.0,22191,1
17668.0,22767,1
14067.0,22556,4
14067.0,22086,4
14067.0,21508,4
14067.0,22111,3
14067.0,22189,3
14067.0,22139,3
14067.0,21621,3
14067.0,22631,3
14067.0,22941,3
14067.0,22630,3
17162.0,21907,3
17162.0,23013,3
17162.0,21166,3
17162.0,23012,3
17162.0,21745,2
17162.0,22497,2
17162.0,21248,2
17162.0,21524,2
17162.0,21171,2
17162.0,84836,2
13420.0,22969,2
13420.0,22965,1
13420.0,84987,1
13420.0,22722,1
13420.0,84992,1
13420.0,22720,1
13420.0,23231,1
13420.0,23232,1
13420.0,22961,1
13420.0,22960,1
17848.0,23173,5
17848.0,22950,2
17848.0,47566,1
17848.0,84987,1
17848.0,22952,1
17848.0,21977,1
17848.0,84988,1
17848.0,23162,1
17848.0,84991,1
17848.0,48185,1
12692.0,21174,4
12692.0,22413,3
12692.0,21181,3
12692.0,22499,2
12692.0,21175,2
12692.0,21905,2
12692.0,21793,2
12692.0,82567,2
12692.0,82600,2
12692.0,21166,2
13697.0,90018A,1
13697.0,72807B,1
13697.0,22576,1
13697.0,22578,1
13697.0,84879,1
13697.0,23110,1
13697.0,71053,1
13697.0,21136,1
13697.0,23084,1
13697.0,22086,1
16182.0,85099C,4
16182.0,20711,3
16182.0,85099F,3
16182.0,20713,2
16182.0,23343,2
16182.0,23201,2
16182.0,22381,2
16182.0,21930,1
16182.0,85135B,1
16182.0,23406,1
17554.0,21891,3
17554.0,22728,3
17554.0,22192,3
17554.0,22568,2
17554.0,22139,2
17554.0,22624,2
17554.0,22909,2
17554.0,21917,2
17554.0,22617,2
17554.0,21452,2
15254.0,84879,1
15254.0,20718,1
15254.0,85099F,1
15254.0,23201,1
14266.0,84879,2
14266.0,85123A,2
14266.0,22138,1
14266.0,85130D,1
14266.0,85048,1
14266.0,20892,1
14266.0,22184,1
14266.0,47566,1
14266.0,85015,1
14266.0,85129B,1
16883.0,82552,5
16883.0,22465,5
16883.0,84992,5
16883.0,84970S,5
16883.0,22674,5
16883.0,84836,5
16883.0,21733,5
16883.0,22675,5
16883.0,22456,4
16883.0,22695,4
15877.0,22952,5
15877.0,22910,5
15877.0,84378,5
15877.0,21212,5
15877.0,23313,5
15877.0,23298,4
15877.0,22556,4
15877.0,22551,4
15877.0,22554,4
15877.0,23307,4
14779.0,22185,2
14779.0,22925,1
14779.0,22722,1
14779.0,22720,1
14779.0,22843,1
14779.0,84840,1
14779.0,21361,1
14779.0,22168,1
14779.0,22927,1
14779.0,22461,1
16420.0,22666,2
16420.0,15056N,2
16420.0,22086,2
16420.0,22818,2
16420.0,22709,1
16420.0,22710,1
16420.0,22736,1
16420.0,21491,1
16420.0,22909,1
16420.0,22049,1
14752.0,21915,2
14752.0,22560,2
14752.0,35970,2
14752.0,22492,2
14752.0,21891,2
14752.0,23702,1
14752.0,23359,1
14752.0,21137,1
14752.0,23571,1
14752.0,23196,1
15715.0,21218,4
15715.0,21843,4
15715.0,22508,3
15715.0,21216,2
15715.0,37449,2
15715.0,22499,2
15715.0,21411,2
15715.0,84755,2
15715.0,22236,2
15715.0,21755,2
12447.0,22629,4
12447.0,22352,3
12447.0,21244,3
12447.0,20675,3
12447.0,20726,2
12447.0,22727,2
12447.0,22630,2
12447.0,84997B,2
12447.0,22726,2
12447.0,22634,2
12890.0,22082,5
12890.0,22488,4
12890.0,22910,4
12890.0,21871,4
12890.0,22748,4
12890.0,22743,4
12890.0,22630,4
12890.0,22745,4
12890.0,22988,4
12890.0,22756,4
17532.0,22415,1
17532.0,84078A,1
17532.0,85099C,1
17532.0,22120,1
17532.0,21066,1
17532.0,22945,1
17532.0,21038,1
17532.0,85019A,1
17532.0,22082,1
17532.0,21333,1
15942.0,22147,2
15942.0,21915,1
15942.0,20829,1
15942.0,22607,1
15942.0,84937,1
15942.0,20726,1
15942.0,21932,1
15942.0,22605,1
15942.0,22138,1
15942.0,20728,1
14441.0,85066,4
14441.0,21232,4
14441.0,21755,4
14441.0,22189,3
14441.0,84879,3
14441.0,21955,3
14441.0,21259,3
14441.0,20685,3
14441.0,22066,3
14441.0,21488,3
16195.0,21973,1
16195.0,21210,1
16195.0,21974,1
16195.0,22220,1
16195.0,72760B,1
16195.0,22222,1
16195.0,22215,1
16195.0,84378,1
16195.0,POST,1
16195.0,84380,1
14868.0,22367,3
14868.0,23207,3
14868.0,23208,3
14868.0,22751,3
14868.0,22271,3
14868.0,20726,3
14868.0,22565,2
14868.0,22750,2
14868.0,84670,2
14868.0,22549,2
17792.0,21181,4
17792.0,20725,3
17792.0,22297,3
17792.0,22151,3
17792.0,23322,3
17792.0,21756,3
17792.0,22470,3
17792.0,22413,3
17792.0,82551,3
17792.0,84836,3
15848.0,84997C,2
15848.0,47591D,2
15848.0,84997D,2
15848.0,21937,2
15848.0,21936,2
15848.0,22635,1
15848.0,22623,1
15848.0,22622,1
15848.0,22636,1
15848.0,22634,1
17530.0,22196,5
17530.0,20713,5
17530.0,22593,5
17530.0,20711,5
17530.0,84849B,5
17530.0,22602,5
17530.0,85099B,5
17530.0,22620,5
17530.0,22851,5
17530.0,82581,5
16639.0,21212,4
16639.0,21733,3
16639.0,21937,3
16639.0,22077,3
16639.0,20725,3
16639.0,22383,3
16639.0,48194,3
16639.0,20685,3
16639.0,22112,3
16639.0,21485,3
15817.0,22457,5
15817.0,20702,4
15817.0,22470,4
15817.0,85123A,4
15817.0,22479,4
15817.0,21430,4
15817.0,84970L,4
15817.0,22478,4
15817.0,22477,4
15817.0,85188A,3
17748.0,37447,2
17748.0,47570B,2
17748.0,22138,2
17748.0,21108,2
17748.0,21232,2
17748.0,22063,1
17748.0,85099B,1
17748.0,21659,1
17748.0,47580,1
17748.0,22061,1
16955.0,20676,5
16955.0,21242,5
16955.0,POST,4
16955.0,21240,4
16955.0,21241,4
16955.0,21239,4
16955.0,21238,4
16955.0,84997C,3
16955.0,84997A,3
16955.0,84997B,3
17123.0,22295,3
17123.0,85049E,2
17123.0,22643,2
17123.0,22158,2
17123.0,21385,2
17123.0,22604,2
17123.0,84978,2
17123.0,22457,2
17123.0,35961,1
17123.0,21811,1
16881.0,21112,1
16881.0,M,1
16881.0,40016,1
16881.0,35001G,1
16881.0,72232,1
16881.0,21034,1
16881.0,15030,1
16881.0,15039,1
16881.0,72038P,1
15019.0,85099B,5
15019.0,22386,5
15019.0,22384,5
15019.0,20973,5
15019.0,85099C,5
15019.0,22382,5
15019.0,47566,5
15019.0,22383,5
15019.0,20686,4
15019.0,84997C,4
16767.0,22951,5
16767.0,22539,4
16767.0,22759,4
16767.0,85099B,4
16767.0,22892,4
16767.0,22898,4
16767.0,22965,4
16767.0,22749,4
16767.0,22964,4
16767.0,22367,4
16007.0,22722,5
16007.0,20982,5
16007.0,21876,5
16007.0,84836,5
16007.0,21937,5
16007.0,22720,5
16007.0,22382,5
16007.0,23207,5
16007.0,22652,5
16007.0,82580,5
15367.0,22326,5
15367.0,21947,5
15367.0,22549,5
15367.0,22086,5
15367.0,22328,5
15367.0,23207,5
15367.0,22662,5
15367.0,22131,5
15367.0,22993,5
15367.0,84378,5
16176.0,22470,2
16176.0,85066,2
16176.0,84946,2
16176.0,21623,2
16176.0,48173C,2
16176.0,20685,2
16176.0,48187,2
16176.0,84945,1
16176.0,20914,1
16176.0,37449,1
18232.0,22296,2
18232.0,84879,2
18232.0,22699,1
18232.0,84947,1
18232.0,22297,1
18232.0,22697,1
18232.0,22423,1
18232.0,84946,1
18232.0,22698,1
18232.0,22666,1
15950.0,22147,5
15950.0,22149,5
15950.0,21479,5
15950.0,22551,5
15950.0,21033,5
15950.0,21982,5
15950.0,23199,5
15950.0,21914,5
15950.0,84270,4
15950.0,22952,4
12426.0,85099B,4
12426.0,22303,4
12426.0,20750,3
12426.0,21242,3
12426.0,22352,3
12426.0,20712,3
12426.0,21246,3
12426.0,22628,3
12426.0,84997B,3
12426.0,20676,3
14576.0,21106,3
14576.0,21110,3
14576.0,21112,3
14576.0,21107,2
14576.0,21108,2
14576.0,20961,1
14576.0,21430,1
14576.0,20754,1
14576.0,84050,1
14576.0,22551,1
13299.0,21210,1
13299.0,21974,1
13299.0,22644,1
13299.0,21975,1
13299.0,22720,1
13299.0,22898,1
13299.0,20914,1
13299.0,21211,1
13299.0,22416,1
13299.0,22393,1
17729.0,22499,2
17729.0,21155,2
17729.0,72760B,2
17729.0,22457,2
17729.0,22776,2
17729.0,21621,2
17729.0,22379,2
17729.0,21041,2
17729.0,84978,2
17729.0,21624,2
15012.0,21240,5
15012.0,22750,5
15012.0,21244,5
15012.0,21733,5
15012.0,21481,5
15012.0,22501,5
15012.0,22956,5
15012.0,22689,5
15012.0,84029E,5
15012.0,22960,5
12642.0,21080,5
12642.0,21213,5
12642.0,21212,4
12642.0,22090,3
12642.0,22333,3
12642.0,22437,3
12642.0,21207,3
12642.0,20676,2
12642.0,21088,2
12642.0,22215,2
18256.0,22595,2
18256.0,22602,2
18256.0,23127,2
18256.0,20972,2
18256.0,84947,1
18256.0,22337,1
18256.0,22855,1
18256.0,35400,1
18256.0,21820,1
18256.0,85230E,1
14726.0,84946,1
14726.0,84879,1
14726.0,21695,1
14726.0,84596F,1
14726.0,21136,1
15711.0,22487,2
15711.0,21745,1
15711.0,21781,1
15711.0,35961,1
15711.0,21588,1
15711.0,82551,1
15711.0,82552,1
15711.0,22055,1
15711.0,22646,1
15711.0,82486,1
18092.0,23163,3
18092.0,21929,2
18092.0,23201,2
18092.0,22086,1
18092.0,48138,1
18092.0,23160,1
18092.0,23284,1
18092.0,20728,1
18092.0,23283,1
18092.0,22692,1
15543.0,84987,2
15543.0,21982,2
15543.0,22701,1
15543.0,85034C,1
15543.0,22835,1
15543.0,72807C,1
15543.0,85035C,1
15543.0,21984,1
15543.0,72807B,1
15543.0,21967,1
16064.0,22415,1
14758.0,82494L,4
14758.0,22173,3
14758.0,82483,3
14758.0,22171,3
14758.0,82482,3
14758.0,21363,2
14758.0,22794,2
14758.0,21761,2
14758.0,22699,2
14758.0,85068,2
12876.0,22029,5
12876.0,22382,5
12876.0,20726,5
12876.0,21156,4
12876.0,23209,4
12876.0,23206,4
12876.0,22894,4
12876.0,22352,4
12876.0,22037,4
12876.0,22960,3
12502.0,22624,4
12502.0,22720,3
12502.0,22960,3
12502.0,48138,2
12502.0,37500,2
12502.0,84792,2
12502.0,21868,2
12502.0,22980,2
12502.0,22840,2
12502.0,23173,2
14350.0,22274,4
14350.0,20970,3
14350.0,20969,3
14350.0,22144,3
14350.0,22751,3
14350.0,22272,3
14350.0,22142,3
14350.0,20967,2
14350.0,22568,2
14350.0,20971,2
15686.0,21563,1
15686.0,21564,1
15686.0,22113,1
15686.0,22111,1
15686.0,22112,1
15686.0,22193,1
15686.0,21622,1
15686.0,22192,1
15686.0,84078A,1
15686.0,22138,1
12884.0,23343,1
12884.0,85099F,1
12884.0,23344,1
12884.0,85099C,1
18079.0,22706,4
18079.0,22707,3
18079.0,20726,2
18079.0,20724,2
18079.0,22631,2
18079.0,21976,2
18079.0,20978,2
18079.0,23376,2
18079.0,21213,2
18079.0,21058,2
18128.0,21181,4
18128.0,21174,3
18128.0,21904,3
18128.0,21158,3
18128.0,82580,3
18128.0,21903,3
18128.0,82578,3
18128.0,21162,3
18128.0,21907,3
18128.0,82583,3
15819.0,22704,5
15819.0,21680,5
15819.0,22711,5
15819.0,21212,5
15819.0,21976,4
15819.0,22556,4
15819.0,22037,4
15819.0,22502,4
15819.0,23176,4
15819.0,22993,4
17326.0,22470,3
17326.0,22639,3
17326.0,85099B,2
17326.0,22294,2
17326.0,22592,2
17326.0,85123A,2
17326.0,22604,2
17326.0,22156,1
17326.0,22153,1
17326.0,21811,1
16486.0,20685,3
16486.0,48173C,3
16486.0,48138,2
16486.0,22189,2
16486.0,22692,2
16486.0,48129,2
16486.0,48194,2
16486.0,21523,2
16486.0,23284,1
16486.0,23344,1
18094.0,82600,4
18094.0,22171,2
18094.0,21174,2
18094.0,85150,2
18094.0,21904,2
18094.0,22413,2
18094.0,21905,2
18094.0,82599,2
18094.0,22115,2
18094.0,21911,2
15419.0,84970S,2
15419.0,20972,2
15419.0,84836,2
15419.0,84077,2
15419.0,72807A,1
15419.0,21209,1
15419.0,72351A,1
15419.0,72807C,1
15419.0,21108,1
15419.0,21361,1
13649.0,84029E,2
13649.0,84978,2
13649.0,22784,2
13649.0,23245,2
13649.0,22411,2
13649.0,85049E,2
13649.0,22356,2
13649.0,21672,2
13649.0,72741,2
13649.0,84970L,2
13324.0,47566,2
13324.0,22950,2
13324.0,23163,2
13324.0,23245,2
13324.0,22952,1
13324.0,84988,1
13324.0,23162,1
13324.0,21974,1
13324.0,84987,1
13324.0,22089,1
17110.0,22519,3
17110.0,22605,2
17110.0,47505,2
17110.0,22433,2
17110.0,22246,1
17110.0,22569,1
17110.0,22487,1
17110.0,22479,1
17110.0,21737,1
17110.0,21911,1
16919.0,20728,5
16919.0,21929,5
16919.0,22411,5
16919.0,84520B,5
16919.0,82580,5
16919.0,22662,5
16919.0,20727,5
16919.0,85099C,5
16919.0,82578,5
16919.0,20750,5
15662.0,21754,2
15662.0,22191,1
15662.0,22041,1
15662.0,22119,1
15662.0,21906,1
15662.0,82552,1
15662.0,21523,1
15662.0,21137,1
15662.0,21929,1
15662.0,22097,1
13058.0,23247,2
13058.0,22720,2
13058.0,47566,2
13058.0,22668,2
13058.0,22417,2
13058.0,22138,1
13058.0,22355,1
13058.0,22341,1
13058.0,23077,1
13058.0,23216,1
13391.0,21587,2
13391.0,22156,2
13391.0,22295,2
13391.0,21730,2
13391.0,22138,2
13391.0,84879,2
13391.0,22130,2
13391.0,22491,1
13391.0,22489,1
13391.0,22536,1
12478.0,20682,4
12478.0,21559,3
12478.0,22629,3
12478.0,22367,3
12478.0,22554,3
12478.0,21249,3
12478.0,22630,3
12478.0,23202,3
12478.0,23206,3
12478.0,21731,3
15178.0,22386,3
15178.0,22411,2
15178.0,85099C,2
15178.0,22645,2
15178.0,20718,2
15178.0,22646,2
15178.0,79067,2
15178.0,72760B,2
15178.0,22356,2
15178.0,20712,2
13042.0,22465,5
13042.0,21899,5
13042.0,22607,5
13042.0,21888,5
13042.0,22577,5
13042.0,22112,5
13042.0,22464,5
13042.0,22219,5
13042.0,M,5
13042.0,21175,5
17063.0,20728,5
17063.0,21481,4
17063.0,21936,4
17063.0,20713,4
17063.0,21870,3
17063.0,20971,3
17063.0,23199,3
17063.0,22633,3
17063.0,20724,3
17063.0,21876,3
14592.0,22138,5
14592.0,22952,5
14592.0,84991,5
14592.0,22561,5
14592.0,15056N,4
14592.0,84879,4
14592.0,21878,4
14592.0,22551,4
14592.0,22549,4
14592.0,22096,4
13022.0,23084,1
13022.0,22423,1
13022.0,22895,1
13022.0,22193,1
13022.0,75049L,1
13022.0,21621,1
13718.0,22041,2
13718.0,35004C,1
13718.0,84078A,1
13718.0,20780,1
14053.0,21943,1
14053.0,35095A,1
14053.0,21114,1
14053.0,22584,1
14053.0,21819,1
14053.0,20764,1
14053.0,72008,1
14053.0,21438,1
14053.0,20770,1
14053.0,21458,1
12756.0,21785,2
12756.0,22487,2
12756.0,21584,2
12756.0,21588,2
12756.0,15056P,2
12756.0,21034,2
12756.0,21828,1
12756.0,16235,1
12756.0,21982,1
12756.0,22554,1
16512.0,POST,3
16512.0,21832,2
16512.0,21524,2
16512.0,21171,2
16512.0,20685,2
16512.0,23497,2
16512.0,48173C,2
16512.0,22423,2
16512.0,22690,2
16512.0,22195,2
13657.0,84077,3
13657.0,21889,2
13657.0,22623,2
13657.0,22622,2
13657.0,22759,2
13657.0,22699,2
13657.0,21990,2
13657.0,22549,2
13657.0,22561,2
13657.0,22620,2
15099.0,22111,2
15099.0,21908,2
15099.0,22283,2
15099.0,22696,2
15099.0,22413,2
15099.0,82600,2
15099.0,82580,2
15099.0,22776,2
15099.0,22151,2
15099.0,84849D,1
14486.0,21929,2
14486.0,20717,1
14486.0,21930,1
14486.0,21931,1
14486.0,22386,1
14486.0,22380,1
14486.0,22381,1
14486.0,23199,1
15826.0,21210,4
15826.0,21154,4
15826.0,21078,4
15826.0,22114,4
15826.0,47566,4
15826.0,84988,4
15826.0,21122,4
15826.0,21121,4
15826.0,84987,4
15826.0,22297,4
12670.0,22384,3
12670.0,22329,3
12670.0,22630,3
12670.0,22353,2
12670.0,21080,2
12670.0,21498,2
12670.0,22908,2
12670.0,23256,2
12670.0,22333,2
12670.0,20724,2
12514.0,85099B,4
12514.0,20750,3
12514.0,21929,3
12514.0,POST,3
12514.0,85099F,3
12514.0,23199,3
12514.0,23208,3
12514.0,85099C,3
12514.0,23206,3
12514.0,23254,2
14253.0,15056BL,5
14253.0,85014B,3
14253.0,15056P,2
14253.0,15044B,1
14253.0,21631,1
14253.0,15044A,1
14253.0,22423,1
14253.0,15044D,1
14253.0,15060B,1
14253.0,85048,1
17762.0,20725,4
17762.0,20728,3
17762.0,21559,3
17762.0,21558,2
17762.0,20726,2
17762.0,22328,2
17762.0,POST,2
17762.0,22383,2
17762.0,22629,2
17762.0,22329,2
14923.0,23294,4
14923.0,22734,3
14923.0,47591D,3
14923.0,22910,3
14923.0,23318,2
14923.0,23296,2
14923.0,22738,2
14923.0,22960,2
14923.0,22666,2
14923.0,21974,2
14607.0,23200,5
14607.0,22384,5
14607.0,22385,5
14607.0,22661,4
14607.0,22114,3
14607.0,23207,3
14607.0,21930,3
14607.0,21929,3
14607.0,23206,3
14607.0,85123A,3
15107.0,85066,3
15107.0,21218,3
15107.0,85068,2
15107.0,82482,2
15107.0,22170,2
15107.0,48138,2
15107.0,22072,2
15107.0,84839,2
15107.0,22667,2
15107.0,84968B,2
15235.0,21976,4
15235.0,21977,4
15235.0,22952,4
15235.0,21217,4
15235.0,21975,4
15235.0,22645,3
15235.0,21844,3
15235.0,22501,3
15235.0,22138,3
15235.0,22224,3
14695.0,22065,3
14695.0,47556B,3
14695.0,22064,3
14695.0,21755,2
14695.0,21032,2
14695.0,90214K,2
14695.0,84836,2
14695.0,20996,2
14695.0,22195,2
14695.0,22299,2
13146.0,20679,2
13146.0,15056N,2
13146.0,15056P,2
13146.0,22738,2
13146.0,21421,1
13146.0,22086,1
13146.0,22593,1
13146.0,35832,1
13146.0,72760B,1
13146.0,85039B,1
15710.0,85099B,5
15710.0,84970S,5
15710.0,21975,5
15710.0,21155,5
15710.0,20725,5
15710.0,84991,5
15710.0,22386,4
15710.0,22112,4
15710.0,84970L,4
15710.0,22413,4
17388.0,21340,2
17388.0,21535,2
17388.0,21844,2
17388.0,84755,2
17388.0,85048,1
17388.0,21192,1
17388.0,21683,1
17388.0,35637A,1
17388.0,22182,1
17388.0,21539,1
18187.0,22692,2
18187.0,21524,2
18187.0,21928,1
18187.0,22128,1
18187.0,22386,1
18187.0,22458,1
18187.0,22077,1
18187.0,22499,1
18187.0,22459,1
18187.0,22690,1
17980.0,22457,3
17980.0,22423,3
17980.0,22460,2
17980.0,22296,1
17980.0,22297,1
17980.0,22469,1
17980.0,20749,1
17980.0,23514,1
17980.0,23512,1
17980.0,22698,1
15975.0,22960,3
15975.0,23168,2
15975.0,23503,2
15975.0,21210,2
15975.0,23504,2
15975.0,22158,1
15975.0,21974,1
15975.0,22720,1
15975.0,23300,1
15975.0,23297,1
14493.0,21888,5
14493.0,21976,5
14493.0,85049G,5
14493.0,21587,5
14493.0,22557,5
14493.0,22549,5
14493.0,21718,5
14493.0,22457,5
14493.0,20975,5
14493.0,21754,5
13546.0,21843,5
13546.0,22423,5
13546.0,21213,4
13546.0,47566B,4
13546.0,22215,4
13546.0,21975,4
13546.0,22221,3
13546.0,22644,3
13546.0,22417,3
13546.0,22840,3
13879.0,22469,2
13879.0,22969,2
13879.0,21340,1
13879.0,22427,1
13879.0,23169,1
13879.0,22580,1
13879.0,21216,1
13879.0,22963,1
13879.0,20707,1
13879.0,21218,1
12363.0,84987,4
12363.0,84988,4
12363.0,21975,4
12363.0,21972,3
12363.0,22417,3
12363.0,22416,3
12363.0,22352,2
12363.0,21559,2
12363.0,22353,2
12363.0,POST,2
12785.0,22386,4
12785.0,21932,4
12785.0,21936,3
12785.0,20726,3
12785.0,22662,3
12785.0,22558,2
12785.0,85099F,2
12785.0,20718,2
12785.0,21930,2
12785.0,22381,2
17469.0,20718,4
17469.0,23582,4
17469.0,23581,4
17469.0,22381,3
17469.0,22141,3
17469.0,20711,3
17469.0,22086,3
17469.0,22191,3
17469.0,22142,3
17469.0,22382,3
16231.0,20969,5
16231.0,20970,4
16231.0,22566,3
16231.0,22654,2
16231.0,22653,2
16231.0,22141,2
16231.0,23127,2
16231.0,23128,2
16231.0,23126,2
16231.0,20967,2
17227.0,21987,3
17227.0,21989,3
17227.0,21988,3
17227.0,22613,3
17227.0,84988,3
17227.0,22898,2
17227.0,21843,2
17227.0,22992,2
17227.0,47566,2
17227.0,23293,2
15214.0,21497,4
15214.0,21080,4
15214.0,22114,4
15214.0,22910,4
15214.0,22720,4
15214.0,22835,4
15214.0,82482,3
15214.0,21098,3
15214.0,21754,3
15214.0,48187,3
15141.0,21716,2
15141.0,21791,2
15141.0,21892,2
15141.0,21913,2
15141.0,21034,2
15141.0,84879,1
15141.0,85017A,1
15141.0,85060,1
15141.0,21135,1
15141.0,21136,1
15824.0,22576,2
15824.0,22577,2
15824.0,85123A,2
15824.0,21465,1
15824.0,23169,1
15824.0,22574,1
15824.0,22366,1
15824.0,48138,1
15824.0,21889,1
15824.0,22573,1
